Shift JIS,ＪＩＳ,記号,PC-Talker,XP Reader,VDM,JAWS 6.2,フォネティック読み,日本語通用名称,記号の読み,文字種別,大文字／小文字,,,読みの重複,
8260,2341,Ａ,アルファ,エービー,アルファ,アルファ,アニマル,,エイ,ラテン文字,大文字,,,＊＊,ロシア文字と同じ読み
8261,2342,Ｂ,ブラボー,ボーイ,ブラボー,ブラボー,ボーイ,,ビー,ラテン文字,大文字,,,,
8262,2343,Ｃ,チャーリー,キャット,チャーリー,チャーリー,キャット,,シー,ラテン文字,大文字,,,,
8263,2344,Ｄ,デルタ,ダイ,デルタ,デルタ,デスク,,ディー,ラテン文字,大文字,,,,
8264,2345,Ｅ,エコー,イート,エコー,エコー,エッグ,,イー,ラテン文字,大文字,,,＊＊,ロシア文字と同じ読み
8265,2346,Ｆ,フォックスロット,ファイン,フォックスロット,フォックストロット,フレンド,,エフ,ラテン文字,大文字,,,＊＊,ロシア文字と同じ読み
8266,2347,Ｇ,ゴルフ,グッド,ゴルフ,ゴルフ,ゴルフ,,ジー,ラテン文字,大文字,,,,
8267,2348,Ｈ,ホテル,ホーム,ホテル,ホテル,ホテル,,エイチ,ラテン文字,大文字,,,,
8268,2349,Ｉ,インディア,インデックス,インディア,インディア,インク,,アイ,ラテン文字,大文字,,,,
8269,234A,Ｊ,ジュリエット,ジャパン,ジュリエット,ジュリエット,ジャパン,,ジェイ,ラテン文字,大文字,,,,
826A,234B,Ｋ,キロ,カインド,キロー,キロー,キッチン,,ケイ,ラテン文字,大文字,,,,
826B,234C,Ｌ,リマ,ラム,リマ,リマ,ラブ,,エル,ラテン文字,大文字,,,＊＊,ロシア文字と同じ読み
826C,234D,Ｍ,マイク,マックス,マイク,マイク,マイク,,エム,ラテン文字,大文字,,,＊＊,ロシア文字と同じ読み
826D,234E,Ｎ,ノベンバー,ノット,ノベンバー,ノベンバー,ノベンバー,,エヌ,ラテン文字,大文字,,,＊＊,ロシア文字と同じ読み
826E,234F,Ｏ,オスカ,オープン,オスカ,オスカー,オープン,,オー,ラテン文字,大文字,,,＊＊,ロシア文字と同じ読み
826F,2350,Ｐ,パパ,ピンク,パパ,パパ,パパ,,ピー,ラテン文字,大文字,,,,
8270,2351,Ｑ,ケベック,クワイアット,ケベック,ケベック,クエスチョン,,キュー,ラテン文字,大文字,,,,
8271,2352,Ｒ,ロミオ,ライド,ロミオ,ロミオ,ルーム,,アール,ラテン文字,大文字,,,,
8272,2353,Ｓ,シアラ,ソフト,シアラ,シアラ,スポーツ,,エス,ラテン文字,大文字,,,＊＊,ロシア文字と同じ読み
8273,2354,Ｔ,タンゴ,タイム,タンゴ,タンゴ,タイム,,ティー,ラテン文字,大文字,,,,
8274,2355,Ｕ,ユニフォーム,ユースフル,ユニフォーム,ユニフォーム,ユージュアリー,,ユー,ラテン文字,大文字,,,＊＊,ロシア文字と同じ読み
8275,2356,Ｖ,ビクタ,ヴィクトリー,ビクタ,ビクタ,ビデオ,,ブイ,ラテン文字,大文字,,,,
8276,2357,Ｗ,ウィスキー,ウーマン,ウィスキー,ウィスキー,ウィンドウ,,ダブリュー,ラテン文字,大文字,,,,
8277,2358,Ｘ,エクスレイ,ゼロックス,エクスレイ,エックスレイ,エックスセン,,エックス,ラテン文字,大文字,,,,
8278,2359,Ｙ,ヤンキー,イエロー,ヤンキ,ヤンキー,ヤング,,ワイ,ラテン文字,大文字,,,,
8279,235A,Ｚ,ズル,ゼブラ,ズル,ズール,ズー,,ゼット,ラテン文字,大文字,,,,
8281,2361,ａ,アルファ,エービー,アルファ,アルファ,アニマル,,エイ,ラテン文字,小文字,,,＊＊,ロシア文字と同じ読み
8282,2362,ｂ,ブラボー,ボーイ,ブラボー,ブラボー,ボーイ,,ビー,ラテン文字,小文字,,,,
8283,2363,ｃ,チャーリー,キャット,チャーリー,チャーリー,キャット,,シー,ラテン文字,小文字,,,,
8284,2364,ｄ,デルタ,ダイ,デルタ,デルタ,デスク,,ディー,ラテン文字,小文字,,,,
8285,2365,ｅ,エコー,イート,エコー,エコー,エッグ,,イー,ラテン文字,小文字,,,＊＊,ロシア文字と同じ読み
8286,2366,ｆ,フォックスロット,ファイン,フォックスロット,フォックストロット,フレンド,,エフ,ラテン文字,小文字,,,＊＊,ロシア文字と同じ読み
8287,2367,ｇ,ゴルフ,グッド,ゴルフ,ゴルフ,ゴルフ,,ジー,ラテン文字,小文字,,,,
8288,2368,ｈ,ホテル,ホーム,ホテル,ホテル,ホテル,,エイチ,ラテン文字,小文字,,,,
8289,2369,ｉ,インディア,インデックス,インディア,インディア,インク,,アイ,ラテン文字,小文字,,,,
828A,236A,ｊ,ジュリエット,ジャパン,ジュリエット,ジュリエット,ジャパン,,ジェイ,ラテン文字,小文字,,,,
828B,236B,ｋ,キロ,カインド,キロー,キロー,キッチン,,ケイ,ラテン文字,小文字,,,,
828C,236C,ｌ,リマ,ラム,リマ,リマ,ラブ,,エル,ラテン文字,小文字,,,＊＊,ロシア文字と同じ読み
828D,236D,ｍ,マイク,マックス,マイク,マイク,マイク,,エム,ラテン文字,小文字,,,＊＊,ロシア文字と同じ読み
828E,236E,ｎ,ノベンバー,ノット,ノベンバー,ノベンバー,ノベンバー,,エヌ,ラテン文字,小文字,,,＊＊,ロシア文字と同じ読み
828F,236F,ｏ,オスカ,オープン,オスカ,オスカー,オープン,,オー,ラテン文字,小文字,,,＊＊,ロシア文字と同じ読み
8290,2370,ｐ,パパ,ピンク,パパ,パパ,パパ,,ピー,ラテン文字,小文字,,,,
8291,2371,ｑ,ケベック,クワイアット,ケベック,ケベック,クエスチョン,,キュー,ラテン文字,小文字,,,,
8292,2372,ｒ,ロミオ,ライド,ロミオ,ロミオ,ルーム,,アール,ラテン文字,小文字,,,,
8293,2373,ｓ,シアラ,ソフト,シアラ,シアラ,スポーツ,,エス,ラテン文字,小文字,,,＊＊,ロシア文字と同じ読み
8294,2374,ｔ,タンゴ,タイム,タンゴ,タンゴ,タイム,,ティー,ラテン文字,小文字,,,,
8295,2375,ｕ,ユニフォーム,ユースフル,ユニフォーム,ユニフォーム,ユージュアリー,,ユー,ラテン文字,小文字,,,＊＊,ロシア文字と同じ読み
8296,2376,ｖ,ビクタ,ヴィクトリー,ビクタ,ビクタ,ビデオ,,ブイ,ラテン文字,小文字,,,,
8297,2377,ｗ,ウィスキー,ウーマン,ウィスキー,ウィスキー,ウィンドウ,,ダブリュー,ラテン文字,小文字,,,,
8298,2378,ｘ,エクスレイ,ゼロックス,エクスレイ,エックスレイ,エックスセン,,エックス,ラテン文字,小文字,,,,
8299,2379,ｙ,ヤンキー,イエロー,ヤンキ,ヤンキー,ヤング,,ワイ,ラテン文字,小文字,,,,
829A,237A,ｚ,ズル,ゼブラ,ズル,ズール,ズー,,ゼット,ラテン文字,小文字,,,,
829F,2421,ぁ,チイサイア,チイサイアサヒ,チイサイア,チイサイア,チイサイアサヒノア,,チイサイア,平仮名,,,,,
82A0,2422,あ,アサヒノア,（ひらがな省略）アサヒ,アサヒノア,アサヒノア,アサヒノア,,ア,平仮名,,,,,
82A1,2423,ぃ,チイサイイ,チイサイイロハ,チイサイイ,チイサイイ,チイサイイチゴノイ,,チイサイイ,平仮名,,,,,
82A2,2424,い,イロハノイ,イロハ,イロハノイ,イロハノイ,イチゴノイ,,イ,平仮名,,,,＊＊,ゐ、ヰと同じ読み
82A3,2425,ぅ,チイサイウ,チイサイウサギ,チイサイウ,チイサイウ,チイサイウサギノウ,,チイサイウ,平仮名,,,,,
82A4,2426,う,ウエノノウ,ウサギ,ウエノノウ,ウエノノウ,ウサギノウ,,ウ,平仮名,,,,,
82A5,2427,ぇ,チイサイエ,チイサイエド,チイサイエ,チイサイエ,チイサイエイゴノエ,,チイサイエ,平仮名,,,,,
82A6,2428,え,エイゴノエ,エド,エイゴノエ,エイゴノエ,エイゴノエ,,エ,平仮名,,,,＊＊,ゑ、ヱと同じ読み
82A7,2429,ぉ,チイサイオ,チイサイオオサカ,チイサイオ,チイサイオ,チイサイオオサカノオ,,チイサイオ,平仮名,,,,,
82A8,242A,お,オオサカノオ,オオサカ,オオサカノオ,オオサカノオ,オオサカノオ,,オ,平仮名,,,,＊＊,を、ヲと同じ読み
82A9,242B,か,カワセノカ,カメラ,カワセノカ,カワセノカ,カゾクノカ,,カ,平仮名,,,,,
82AA,242C,が,ガッコウノガ,ガッコウ,ガッコウノガ,ガッコウノガ,ガッコウノガ,,ガ,平仮名,,,,,
82AB,242D,き,キッテノキ,キツネ,キッテノキ,キッテノキ,キッテノキ,,キ,平仮名,,,,,
82AC,242E,ぎ,ギリシャノギ,ギンコウ,ギリシャノギ,ギターノギ,ギンコウノギ,,ギ,平仮名,,,,,
82AD,242F,く,クラブノク,クイ,クラブノク,クラブノク,クスリノク,,ク,平仮名,,,,,
82AE,2430,ぐ,グランドノグ,グンマ,グランドノグ,グンジョウノグ,グランドノグ,,グ,平仮名,,,,,
82AF,2431,け,ケシキノケ,ケーキ,ケシキノケ,ケシキノケ,ケシキノケ,,ケ,平仮名,,,,,
82B0,2432,げ,ゲームノゲ,ゲンキン,ゲームノゲ,ゲンキノゲ,ゲームノゲ,,ゲ,平仮名,,,,,
82B1,2433,こ,コドモノコ,コグマ,コドモノコ,コドモノコ,コドモノコ,,コ,平仮名,,,,,
82B2,2434,ご,ゴリラノゴ,ゴハン,ゴリラノゴ,ゴマノゴ,ゴリラノゴ,,ゴ,平仮名,,,,＊＊,５と同じ読み
82B3,2435,さ,サクラノサ,サカナ,サクラノサ,サクラノサ,サクラノサ,,サ,平仮名,,,,,
82B4,2436,ざ,ザブトンノザ,ザーサイ,ザブトンノザ,ザッシノザ,ザブトンノザ,,ザ,平仮名,,,,,
82B5,2437,し,シンブンノシ,シケン,シンブンノシ,シンブンノシ,シンブンノシ,,シ,平仮名,,,,,
82B6,2438,じ,シジミノジ,ジシン,シジミノジ,ジカンノジ,ジカンノジ,,ジ,平仮名,,,,,
82B7,2439,す,スズメノス,スパイ,スズメノス,スズメノス,スズメノス,,ス,平仮名,,,,,
82B8,243A,ず,ズボンノズ,ズボン,ズボンノズ,ズコウノズ,ズボンノズ,,ズ,平仮名,,,,,
82B9,243B,せ,セカイノセ,センタクキ,セカイノセ,セカイノセ,セカイノセ,,セ,平仮名,,,,,
82BA,243C,ぜ,ゼイカンノゼ,ゼイキン,ゼイカンノゼ,ゼンアクノゼ,ゼンブノゼ,,ゼ,平仮名,,,,,
82BB,243D,そ,ソロバンノソ,ソバ,ソロバンノソ,ソロバンノソ,ソロバンノソ,,ソ,平仮名,,,,,
82BC,243E,ぞ,ゾウキンノゾ,ゾウ,ゾウキンノゾ,ゾクゴノゾ,ゾウキンノゾ,,ゾ,平仮名,,,,,
82BD,243F,た,タバコノタ,タマゴ,タバコノタ,タバコノタ,タバコノタ,,タ,平仮名,,,,,
82BE,2440,だ,ダルマノダ,ダンゴ,ダルマノダ,ダルマノダ,ダルマノダ,,ダ,平仮名,,,,,
82BF,2441,ち,チドリノチ,チジン,チドリノチ,チドリノチ,チキュウノチ,,チ,平仮名,,,,,
82C0,2442,ぢ,ハナヂノヂ,ロウ？,ハナヂノヂ,チドリノチニダクテン,ハナヂノヂ,,ヂ,平仮名,,,,,
82C1,2443,っ,チイサイツ,チイサイツバメ,チイサイツ,チイサイツ,ツバメノツ,,チイサイツ,平仮名,,,,,
82C2,2444,つ,ツバメノツ,ツバメ,ツバメノツ,ツルカメノツ,チイサイツバメノツ,,ツ,平仮名,,,,,
82C3,2445,づ,ツヅミノヅ,ツニダクテン,ツヅミノヅ,ツルカメノツニダクテン,ツヅミノヅ,,ヅ,平仮名,,,,,
82C4,2446,て,テガミノテ,テガミ,テガミノテ,テガミノテ,テガミノテ,,テ,平仮名,,,,,
82C5,2447,で,デンワノデ,デンワ,デンワノデ,デンワノデ,デンワノデ,,デ,平仮名,,,,,
82C6,2448,と,トウキョウノト,トダナ,トウキョウノト,トウキョウノト,トウキョウノト,,ト,平仮名,,,,,
82C7,2449,ど,ドレミノド,ドア,ドレミノド,ドレミノド,ドレミノド,,ド,平仮名,,,,＊＊,角度の「°」と同じ読み
82C8,244A,な,ナゴヤノナ,ナットウ,ナゴヤノナ,ナゴヤノナ,ナマエノナ,,ナ,平仮名,,,,,
82C9,244B,に,ニホンノニ,ニンジン,ニホンノニ,ニホンノニ,ニホンノニ,,ニ,平仮名,,,,＊＊,２と同じ読み
82CA,244C,ぬ,ヌリエノヌ,ヌイモノ,ヌリエノヌ,ヌマズノヌ,ヌリエノヌ,,ヌ,平仮名,,,,,
82CB,244D,ね,ネズミノネ,ネズミ,ネズミノネ,ネズミノネ,ネズミノネ,,ネ,平仮名,,,,,
82CC,244E,の,ノハラノノ,ノハラ,ノハラノノ,ノハラノノ,ノハラノノ,,ノ,平仮名,,,,,
82CD,244F,は,ハガキノハ,ハッパ,ハガキノハ,ハガキノハ,ハガキノハ,,ハ,平仮名,,,,,
82CE,2450,ば,バナナノバ,バイキン,バナナノバ,バレーノバ,バナナノバ,,バ,平仮名,,,,,
82CF,2451,ぱ,パンダノパ,パンダ,パンダノパ,パソコンノパ,パジャマノパ,,パ,平仮名,,,,,
82D0,2452,ひ,ヒカリノヒ,ヒトデ,ヒカリノヒ,ヒコウキノヒ,ヒカリノヒ,,ヒ,平仮名,,,,,
82D1,2453,び,ビールノビ,ビール,ビールノビ,ビーズノビ,ビールノビ,,ビ,平仮名,,,,,
82D2,2454,ぴ,ピアノノピ,ピーマン,ピアノノピ,ピアノノピ,ピアノノピ,,ピ,平仮名,,,,,
82D3,2455,ふ,フトンノフ,フネ,フトンノフ,フジサンノフ,フトンノフ,,フ,平仮名,,,,,
82D4,2456,ぶ,ブランコノブ,ブタ,ブランコノブ,ブラジルノブ,ブランコノブ,,ブ,平仮名,,,,,
82D5,2457,ぷ,プリントノプ,プール,プリントノプ,プールノプ,プリントノプ,,プ,平仮名,,,,,
82D6,2458,へ,ヘイワノヘ,ヘチマ,ヘイワノヘ,ヘイワノヘ,ヘイワノヘ,,ヘ,平仮名,,,,,
82D7,2459,べ,ベルトノベ,ベトナム,ベルトノベ,ベンチノベ,ベルトノベ,,ベ,平仮名,,,,,
82D8,245A,ぺ,ペットノペ,ペンキ,ペットノペ,ペットノペ,ペットノペ,,ペ,平仮名,,,,,
82D9,245B,ほ,ホケンノホ,ホタル,ホケンノホ,ホケンノホ,ホケンノホ,,ホ,平仮名,,,,,
82DA,245C,ぼ,ボタンノボ,ボール,ボタンノボ,ボタンノボ,ボタンノボ,,ボ,平仮名,,,,,
82DB,245D,ぽ,ポストノポ,ポット,ポストノポ,ポストノポ,ポストノポ,,ポ,平仮名,,,,,
82DC,245E,ま,マッチノマ,マナイタ,マッチノマ,マッチノマ,マッチノマ,,マ,平仮名,,,,,
82DD,245F,み,ミカンノミ,ミカン,ミカンノミ,ミカンノミ,ミカンノミ,,ミ,平仮名,,,,,
82DE,2460,む,ムセンノム,ムシバ,ムセンノム,ムセンノム,ムシノム,,ム,平仮名,,,,,
82DF,2461,め,メイジノメ,メガネ,メイジノメ,メイジノメ,メガネノメ,,メ,平仮名,,,,,
8.20E+01,2462,も,モミジノモ,モモンガ,モミジノモ,モミジノモ,モミジノモ,,モ,平仮名,,,,,
8.20E+02,2463,ゃ,チイサイヤ,チイサイヤ,チイサイヤ,チイサイヤ,チイサイヤカンノヤ,,チイサイヤ,平仮名,,,,,
8.20E+03,2464,や,ヤマトノヤ,ヤキイモ,ヤマトノヤ,ヤマトノヤ,ヤカンノヤ,,ヤ,平仮名,,,,,
8.20E+04,2465,ゅ,チイサイユ,チイサイユリ,チイサイユ,チイサイユ,チイサイユカタノユ,,チイサイユ,平仮名,,,,,
8.20E+05,2466,ゆ,ユミヤノユ,ユリ,ユミヤノユ,ユミヤノユ,ユカタノユ,,ユ,平仮名,,,,,
8.20E+06,2467,ょ,チイサイヨ,チイサイヨット,チイサイヨ,チイサイヨ,チイサイヨットノヨ,,チイサイヨ,平仮名,,,,,
8.20E+07,2468,よ,ヨシノノヨ,ヨット,ヨシノノヨ,ヨシノノヨ,ヨットノヨ,,ヨ,平仮名,,,,,
8.20E+08,2469,ら,ラジオノラ,ラジオ,ラジオノラ,ラジオノラ,ラジオノラ,,ラ,平仮名,,,,,
8.20E+09,246A,り,リンゴノリ,リス,リンゴノリ,リンゴノリ,リンゴノリ,,リ,平仮名,,,,,
8.20E+10,246B,る,ルスバンノル,ルビー,ルスバンノル,ルスイノル,ルスバンノル,,ル,平仮名,,,,,
82EA,246C,れ,レモンノレ,レキシ,レモンノレ,レンゲノレ,レモンノレ,,レ,平仮名,,,,,
82EB,246D,ろ,ローマノロ,ロンドン,ローマノロ,ローマノロ,ロウカノロ,,ロ,平仮名,,,,,
82EC,246E,ゎ,チイサイワ,チイサイワイン,チイサイワ,チイサイワ,チイサイワカメノワ,,チイサイワ,平仮名,,,,,
82ED,246F,わ,ワラビノワ,ワイン,ワラビノワ,ワラビノワ,ワカメノワ,,ワ,平仮名,,,,,
82EE,2470,ゐ,ムカシノイ,ワギョウノイ,ムカシノイ,イドノイ,ムカシノイ,,イ,平仮名,,,,＊＊,い、と同じ読み
82EF,2471,ゑ,ムカシノエ,ワギョウノエ,ムカシノエ,カギノアルエ,ムカシノエ,,エ,平仮名,,,,＊＊,え、と同じ読み
82F0,2472,を,ヲワリノヲ,ワギョウノヲ,ヲワリノヲ,ヲワリノヲ,ヲワリノヲ,,オ,平仮名,,,,＊＊,お、と同じ読み
82F1,2473,ん,オシマイノン,オワリノン,オシマイノン,オシマイノン,オシマイノン,,ン,平仮名,,,,,
8340,2521,ァ,チイサイア,チイサイアサヒ,チイサイア,,チイサイアサヒノア,,チイサイア,片仮名,,,,,
8341,2522,ア,アサヒノア,アサヒ,アサヒノア,,アサヒノア,,ア,片仮名,,,,,
8342,2523,ィ,チイサイイ,チイサイイロハ,チイサイイ,,チイサイイチゴノイ,,チイサイイ,片仮名,,,,,
8343,2524,イ,イロハノイ,イロハ,イロハノイ,,イチゴノイ,,イ,片仮名,,,,＊＊,ゐ、ヰと同じ読み
8344,2525,ゥ,チイサイウ,チイサイウサギ,チイサイウ,,チイサイウサギノウ,,チイサイウ,片仮名,,,,,
8345,2526,ウ,ウエノノウ,ウサギ,ウエノノウ,,ウサギノウ,,ウ,片仮名,,,,,
8346,2527,ェ,チイサイエ,チイサイエド,チイサイエ,,チイサイエイゴノエ,,チイサイエ,片仮名,,,,,
8347,2528,エ,エイゴノエ,エド,エイゴノエ,,エイゴノエ,,エ,片仮名,,,,＊＊,ゑ、ヱと同じ読み
8348,2529,ォ,チイサイオ,チイサイオオサカ,チイサイオ,,チイサイオオサカノオ,,チイサイオ,片仮名,,,,,
8349,252A,オ,オオサカノオ,オオサカ,オオサカノオ,,オオサカノオ,,オ,片仮名,,,,＊＊,を、ヲと同じ読み
834A,252B,カ,カワセノカ,カメラ,カワセノカ,,カゾクノカ,,カ,片仮名,,,,,
834B,252C,ガ,ガッコウノガ,ガッコウ,ガッコウノガ,ガッコウノガ,ガッコウノガ,,ガ,片仮名,,,,,
834C,252D,キ,キッテノキ,カメラ,キッテノキ,,キッテノキ,,キ,片仮名,,,,,
834D,252E,ギ,ギリシャノギ,ギンコウ,ギリシャノギ,ギターノギ,ギンコウノギ,,ギ,片仮名,,,,,
834E,252F,ク,クラブノク,クリ,クラブノク,,クスリノク,,ク,片仮名,,,,,
834F,2530,グ,グランドノグ,グンマ,グランドノグ,グンジョウノグ,グランドノグ,,グ,片仮名,,,,,
8350,2531,ケ,ケシキノケ,ケーキ,ケシキノケ,,ケシキノケ,,ケ,片仮名,,,,,
8351,2532,ゲ,ゲームノゲ,ゲンキン,ゲームノゲ,ゲンキノゲ,ゲームノゲ,,ゲ,片仮名,,,,,
8352,2533,コ,コドモノコ,コグマ,コドモノコ,,コドモノコ,,コ,片仮名,,,,,
8353,2534,ゴ,ゴリラノゴ,ゴハン,ゴリラノゴ,ゴマノゴ,ゴリラノゴ,,ゴ,片仮名,,,,＊＊,５と同じ読み
8354,2535,サ,サクラノサ,サカナ,サクラノサ,,サクラノサ,,サ,片仮名,,,,,
8355,2536,ザ,ザブトンノザ,ザーサイ,ザブトンノザ,ザッシノザ,ザブトンノザ,,ザ,片仮名,,,,,
8356,2537,シ,シンブンノシ,シケン,シンブンノシ,,シンブンノシ,,シ,片仮名,,,,,
8357,2538,ジ,シジミノジ,ジシン,シジミノジ,ジカンノジ,ジカンノジ,,ジ,片仮名,,,,,
8358,2539,ス,スズメノス,スパイ,スズメノス,,スズメノス,,ス,片仮名,,,,,
8359,253A,ズ,ズボンノズ,ズボン,ズボンノズ,ズコウノズ,ズボンノズ,,ズ,片仮名,,,,,
835A,253B,セ,セカイノセ,センタクキ,セカイノセ,,セカイノセ,,セ,片仮名,,,,,
835B,253C,ゼ,ゼイカンノゼ,ゼイキン,ゼイカンノゼ,ゼンアクノゼ,ゼンブノゼ,,ゼ,片仮名,,,,,
835C,253D,ソ,ソロバンノソ,ソバ,ソロバンノソ,,ソロバンノソ,,ソ,片仮名,,,,,
835D,253E,ゾ,ゾウキンノゾ,ゾウ,ゾーキンノゾ,ゾクゴノゾ,ゾウキンノゾ,,ゾ,片仮名,,,,,
835E,253F,タ,タバコノタ,タバコ,タバコノタ,,タバコノタ,,タ,片仮名,,,,,
835F,2540,ダ,ダルマノダ,ダンゴ,ダルマノダ,ダルマノダ,ダルマノダ,,ダ,片仮名,,,,,
8360,2541,チ,チドリノチ,チチブ,チドリノチ,,チキュウノチ,,チ,片仮名,,,,,
8361,2542,ヂ,ハナヂノヂ,ロウ？,ハナヂノヂ,チドリノチニダクテン,ハナヂノヂ,,ヂ,片仮名,,,,,
8362,2543,ッ,チイサイツ,チイサイツバメ,チイサイツ,,チイサイツバメノツ,,チイサイツ,片仮名,,,,,
8363,2544,ツ,ツバメノツ,ツバメ,ツバメノツ,,ツバメノツ,,ツ,片仮名,,,,,
8364,2545,ヅ,ツヅミノヅ,ツニダクテン,ツヅミノヅ,ツルカメノツニダクテン,ツヅミノヅ,,ヅ,片仮名,,,,,
8365,2546,テ,テガミノテ,テガミ,テガミノテ,,テガミノテ,,テ,片仮名,,,,,
8366,2547,デ,デンワノデ,デンワ,デンワノデ,デンワノデ,デンワノデ,,デ,片仮名,,,,,
8367,2548,ト,トウキョウノト,トダナ,トウキョウノト,,トウキョウノト,,ト,片仮名,,,,,
8368,2549,ド,ドレミノド,ドア,ドレミノド,ドレミノド,ドレミノド,,ド,片仮名,,,,＊＊,角度の「°」と同じ読み
8369,254A,ナ,ナゴヤノナ,ナットウ,ナゴヤノナ,,ナマエノナ,,ナ,片仮名,,,,,
836A,254B,ニ,ニホンノニ,ニンジン,ニホンノニ,,ニホンノニ,,ニ,片仮名,,,,＊＊,２と同じ読み
836B,254C,ヌ,ヌリエノヌ,ヌイモノ,ヌリエノヌ,,ヌリエノヌ,,ヌ,片仮名,,,,,
836C,254D,ネ,ネズミノネ,ネズミ,ネズミノネ,,ネズミノネ,,ネ,片仮名,,,,,
836D,254E,ノ,ノハラノノ,ノハラ,ノハラノノ,,ノハラノノ,,ノ,片仮名,,,,,
836E,254F,ハ,ハガキノハ,ハッパ,ハガキノハ,,ハガキノハ,,ハ,片仮名,,,,,
836F,2550,バ,バナナノバ,バイキン,バナナノバ,バレーノバ,バナナノバ,,バ,片仮名,,,,,
8370,2551,パ,パンダノパ,パンダ,パンダノパ,パソコンノパ,パジャマノパ,,パ,片仮名,,,,,
8371,2552,ヒ,ヒカリノヒ,ヒトデ,ヒカリノヒ,,ヒカリノヒ,,ヒ,片仮名,,,,,
8372,2553,ビ,ビールノビ,ビール,ビールノビ,ビーズノビ,ビールノビ,,ビ,片仮名,,,,,
8373,2554,ピ,ピアノノピ,ピーマン,ピアノノピ,ピアノノピ,ピアノノピ,,ピ,片仮名,,,,,
8374,2555,フ,フトンノフ,フネ,フトンノフ,,フトンノフ,,フ,片仮名,,,,,
8375,2556,ブ,ブランコノブ,ブタ,ブランコノブ,ブラジルノブ,ブランコノブ,,ブ,片仮名,,,,,
8376,2557,プ,プリントノプ,プール,プリントノプ,プールノプ,プリントノプ,,プ,片仮名,,,,,
8377,2558,ヘ,ヘイワノヘ,ヘチマ,ヘイワノヘ,,ヘイワノヘ,,ヘ,片仮名,,,,,
8378,2559,ベ,ベルトノベ,ベトナム,ベルトノベ,ベンチノベ,ベルトノベ,,ベ,片仮名,,,,,
8379,255A,ペ,ペットノペ,ペンキ,ペットノペ,ペットノペ,ペットノペ,,ペ,片仮名,,,,,
837A,255B,ホ,ホケンノホ,ホタル,ホケンノホ,,ホケンノホ,,ホ,片仮名,,,,,
837B,255C,ボ,ボタンノボ,ボール,ボタンノボ,ボタンノボ,ボタンノボ,,ボ,片仮名,,,,,
837C,255D,ポ,ポストノポ,ポット,ポストノポ,ポストノポ,ポストノポ,,ポ,片仮名,,,,,
837D,255E,マ,マッチノマ,マナイタ,マッチノマ,,マッチノマ,,マ,片仮名,,,,,
837E,255F,ミ,ミカンノミ,ミカン,ミカンノミ,,ミカンノミ,,ミ,片仮名,,,,,
8380,2560,ム,ムセンノム,ムシバ,ムセンノム,,ムシノム,,ム,片仮名,,,,,
8381,2561,メ,メイジノメ,メガネ,メイジノメ,,メガネノメ,,メ,片仮名,,,,,
8382,2562,モ,モミジノモ,モモンガ,モミジノモ,,モミジノモ,,モ,片仮名,,,,,
8383,2563,ャ,チイサイヤ,チイサイヤキイモ,チイサイヤ,,チイサイヤカンノヤ,,チイサイヤ,片仮名,,,,,
8384,2564,ヤ,ヤマトノヤ,ヤキイモ,ヤマトノヤ,,ヤカンノヤ,,ヤ,片仮名,,,,,
8385,2565,ュ,チサイユ,チイサイユミ,チサイユ,,チイサイユカタノユ,,チイサイユ,片仮名,,,,,
8386,2566,ユ,ユミヤノユ,ユミ,ユミヤノユ,,ユカタノユ,,ユ,片仮名,,,,,
8387,2567,ョ,チイサイヨ,チイサイヨット,チイサイヨ,,チイサイヨットノヨ,,チイサイヨ,片仮名,,,,,
8388,2568,ヨ,ヨシノノヨ,ヨット,ヨシノノヨ,,ヨットノヨ,,ヨ,片仮名,,,,,
8389,2569,ラ,ラジオノラ,ラジオ,ラジオノラ,,ラジオノラ,,ラ,片仮名,,,,,
838A,256A,リ,リンゴノリ,リス,リンゴノリ,,リンゴノリ,,リ,片仮名,,,,,
838B,256B,ル,ルスバンノル,ルビー,ルスバンノル,,ルスバンノル,,ル,片仮名,,,,,
838C,256C,レ,レモンノレ,レキシ,レモンノレ,,レモンノレ,,レ,片仮名,,,,,
838D,256D,ロ,ローマノロ,ロンドン,ローマノロ,,ロウカノロ,,ロ,片仮名,,,,,
838E,256E,ヮ,チイサイワ,チイサイワイン,チイサイワ,チイサイワ,チイサイワカメノワ,,チイサイワ,片仮名,,,,,
838F,256F,ワ,ワラビノワ,ワイン,ワラビノワ,,ワカメノワ,,ワ,片仮名,,,,,
8390,2570,ヰ,ムカシノイ,ワギョウノイ,ムカシノイ,,ムカシノイ,,イ,片仮名,,,,＊＊,イ、と同じ読み
8391,2571,ヱ,ムカシノエ,ワギョウノエ,ムカシノエ,,ムカシノエ,,エ,片仮名,,,,＊＊,エ、と同じ読み
8392,2572,ヲ,オワリノオ,ワギョウノオ,オワリノオ,,オワリノオ,,オ,片仮名,,,,＊＊,オ、と同じ読み
8393,2573,ン,オシマイノン,オワリノン,オシマイノン,,オシマイノン,,ン,片仮名,,,,,
8394,2574,ヴ,ウエノノウニダクテン,ヴァイオリン,ウエノノウニダクテン,,ウサギノウニダクテン,,ヴ,片仮名,,,,,
8395,2575,ヵ,チイサイカ,チイサイカメラ,チイサイカ,,チイサイカゾクノカ,,チイサイカ,片仮名,,,,,
8396,2576,ヶ,チイサイケ,チイサイケーキ,チイサイケ,,チイサイケシキノケ,,チイサイケ,片仮名,,,,,
839F,2621,Α,アルファ,アルファ,アルファ,アルファ,,,アルファ,ギリシャ文字,大文字,,,,
83A0,2622,Β,ベーター,ベータ,ベーター,ベータ,,,ベータ,ギリシャ文字,大文字,,,,
83A1,2623,Γ,ガンマ,ガンマ,ガンマ,ガンマ,,,ガンマ,ギリシャ文字,大文字,,,,
83A2,2624,Δ,デルタ,デルタ,デルタ,デルタ,,,デルタ,ギリシャ文字,大文字,,,,
83A3,2625,Ε,イプシロン,イプシロン,エフシールン,イプシロン,,,イプシロン,ギリシャ文字,大文字,,,,
83A4,2626,Ζ,ゼーター,ゼータ,ゼータ,ゼータ,,,ゼータ,ギリシャ文字,大文字,,,,
83A5,2627,Η,イーター,イータ,エータ,イータ,,,イータ,ギリシャ文字,大文字,,,,
83A6,2628,Θ,シーター,シータ,セータ,シータ,,,シータ,ギリシャ文字,大文字,,,,
83A7,2629,Ι,イオータ,イオータ,イォータ,イォータ,,,イオタ,ギリシャ文字,大文字,,,,
83A8,262A,Κ,カッパー,カッパ,カッパ,カッパ,,,カッパ,ギリシャ文字,大文字,,,,
83A9,262B,Λ,ラムダ,ラムダ,ラムダ,ラムダ,,,ラムダ,ギリシャ文字,大文字,,,,
83AA,262C,Μ,ミュー,ミュー,ミュー,ミュー,,,ミュー,ギリシャ文字,大文字,,,,
83AB,262D,Ν,ニュー,ニュー,ニュー,ニュー,,,ニュー,ギリシャ文字,大文字,,,,
83AC,262E,Ξ,グサイ,グサイ,クシー,クシー,,,グザイ,ギリシャ文字,大文字,,,,
83AD,262F,Ο,オミクロン,オミクロン,オミークロン,オミクロン,,,オミクロン,ギリシャ文字,大文字,,,,
83AE,2630,Π,パイ,パイ,パイ,パイ,,,パイ,ギリシャ文字,大文字,,,,
83AF,2631,Ρ,ロー,ロー,ロー,ロー,,,ロー,ギリシャ文字,大文字,,,,
83B0,2632,Σ,シグマ,シグマ,シグマ,シグマ,,,シグマ,ギリシャ文字,大文字,,,,
83B1,2633,Τ,タウ,タウ,タウ,タウ,,,タウ,ギリシャ文字,大文字,,,,
83B2,2634,Υ,ウプシロン,ウプシロン,ウプシロン,ウプシロン,,,ウプシロン,ギリシャ文字,大文字,,,,
83B3,2635,Φ,ファイ,ファイ,ファイ,フェー,,,ファイ,ギリシャ文字,大文字,,,,
83B4,2636,Χ,カイ,カイ,カイ,キー,,,カイ,ギリシャ文字,大文字,,,,
83B5,2637,Ψ,プサイ,プサイ,プサイ,プシー,,,プサイ,ギリシャ文字,大文字,,,,
83B6,2638,Ω,オメガ,オメガ,オメガ,オメガ,,,オメガ,ギリシャ文字,大文字,,,,
83BF,2641,α,アルファ,アルファ,アルファ,アルファ,,,アルファ,ギリシャ文字,小文字,,,,
83C0,2642,β,ベーター,ベータ,ベーター,ベータ,,,ベータ,ギリシャ文字,小文字,,,,
83C1,2643,γ,ガンマ,ガンマ,ガンマ,ガンマ,,,ガンマ,ギリシャ文字,小文字,,,,
83C2,2644,δ,デルタ,デルタ,デルタ,デルタ,,,デルタ,ギリシャ文字,小文字,,,,
83C3,2645,ε,イプシロン,イプシロン,エフシールン,イプシロン,,,イプシロン,ギリシャ文字,小文字,,,,
83C4,2646,ζ,ゼーター,ゼータ,ゼータ,ゼータ,,,ゼータ,ギリシャ文字,小文字,,,,
83C5,2647,η,イーター,イータ,エータ,イータ,,,イータ,ギリシャ文字,小文字,,,,
83C6,2648,θ,シーター,シータ,セータ,シータ,,,シータ,ギリシャ文字,小文字,,,,
83C7,2649,ι,イオータ,イオータ,イォータ,イォータ,,,イオタ,ギリシャ文字,小文字,,,,
83C8,264A,κ,カッパー,カッパ,カッパ,カッパ,,,カッパ,ギリシャ文字,小文字,,,,
83C9,264B,λ,ラムダ,ラムダ,ラムダ,ラムダ,,,ラムダ,ギリシャ文字,小文字,,,,
83CA,264C,μ,ミュー,ミュー,ミュー,ミュー,,,ミュー,ギリシャ文字,小文字,,,,
83CB,264D,ν,ニュー,ニュー,ニュー,ニュー,,,ニュー,ギリシャ文字,小文字,,,,
83CC,264E,ξ,グサイ,グサイ,クシー,クシー,,,グザイ,ギリシャ文字,小文字,,,,
83CD,264F,ο,オミクロン,オミクロン,オミークロン,オミクロン,,,オミクロン,ギリシャ文字,小文字,,,,
83CE,2650,π,パイ,パイ,パイ,パイ,,,パイ,ギリシャ文字,小文字,,,,
83CF,2651,ρ,ロー,ロー,ロー,ロー,,,ロー,ギリシャ文字,小文字,,,,
83D0,2652,σ,シグマ,シグマ,シグマ,シグマ,,,シグマ,ギリシャ文字,小文字,,,,
83D1,2653,τ,タウ,タウ,タウ,タウ,,,タウ,ギリシャ文字,小文字,,,,
83D2,2654,υ,ウプシロン,ウプシロン,ウプシロン,ウプシロン,,,ウプシロン,ギリシャ文字,小文字,,,,
83D3,2655,φ,ファイ,ファイ,ファイ,フェー,,,ファイ,ギリシャ文字,小文字,,,,
83D4,2656,χ,カイ,カイ,カイ,キー,,,カイ,ギリシャ文字,小文字,,,,
83D5,2657,ψ,プサイ,プサイ,プサイ,プシー,,,プサイ,ギリシャ文字,小文字,,,,
83D6,2658,ω,オメガ,オメガ,オメガ,オメガ,,,オメガ,ギリシャ文字,小文字,,,,
8440,2721,А,アー,アー,ロシアノアー,アー,,,アー,キリル文字,大文字,,,,
8441,2722,Б,ベー,ベー,ロシアノベー,ベー,,,ベー,キリル文字,大文字,,,,
8442,2723,В,リエー,ウェー,ロシアノブェー,ブェー,,,ヴェー,キリル文字,大文字,,,,
8443,2724,Г,ゲー,ゲー,ロシアノゲー,ゲー,,,ゲー,キリル文字,大文字,,,,
8444,2725,Д,デー,デー,ロシアノデー,デー,,,デー,キリル文字,大文字,,,,
8445,2726,Е,イエー,イエー,ロシアノイェー,イェー,,,ィエー,キリル文字,大文字,,,,
8446,2727,Ё,ヨー,イヨー,ロシアノイョー,イョー,,,ィヨー,キリル文字,大文字,,,,
8447,2728,Ж,ジェー,チェー,ロシアノジェー,ジェー,,,ジェー,キリル文字,大文字,,,,
8448,2729,З,ゼー,ズー,ロシアノゼー,ゼー,,,ゼー,キリル文字,大文字,,,,
8449,272A,И,イー,イー,ロシアノイー,イー,,,イー,キリル文字,大文字,,,＊＊,英文字と同じ読み
844A,272B,Й,イークラトコエ,イークラトコエ,ロシアノイクラートカヤ,イクラートカヤ,,,イークラトコエ,キリル文字,大文字,,,,
844B,272C,К,カー,カー,ロシアノカー,カー,,,カー,キリル文字,大文字,,,,
844C,272D,Л,エル,エル,ロシアノエル,エル,,,エル,キリル文字,大文字,,,＊＊,英文字、他のロシア文字と同じ読み
844D,272E,М,エム,エム,ロシアノエム,エム,,,エム,キリル文字,大文字,,,＊＊,英文字と同じ読み
844E,272F,Н,エヌ,エヌ,ロシアノエヌ,エヌ,,,エヌ,キリル文字,大文字,,,＊＊,英文字と同じ読み
844F,2730,О,オー,オー,ロシアノオー,オー,,,オー,キリル文字,大文字,,,＊＊,英文字と同じ読み
8450,2731,П,ペー,ペー,ロシアゴノペー,ペー,,,ペー,キリル文字,大文字,,,,
8451,2732,Р,エルアール,エル,ロシアゴノエル,エル,,,エル,キリル文字,大文字,,,＊＊,英文字、他のロシア文字と同じ読み
8452,2733,С,エス,エス,ロシアゴノエス,エス,,,エス,キリル文字,大文字,,,＊＊,英文字と同じ読み
8453,2734,Т,テー,テー,ロシアゴノテー,テー,,,テー,キリル文字,大文字,,,,
8454,2735,У,ウー,ウー,ロシアゴノムー,ウー,,,ウー,キリル文字,大文字,,,,
8455,2736,Ф,エフ,エフ,ロシアゴノエフ,エフ,,,エフ,キリル文字,大文字,,,＊＊,英文字と同じ読み
8456,2737,Х,ハー,ハー,ロシアゴノパー,ハー,,,ハー,キリル文字,大文字,,,,
8457,2738,Ц,ツェー,ツェー,ロシアノズェー,ツェー,,,ツェー,キリル文字,大文字,,,,
8458,2739,Ч,チェー,チェー,ロシアノチェー,チェー,,,チェー,キリル文字,大文字,,,,
8459,273A,Ш,シァー,シャー,ロシアノシャー,シャ,,,シャー,キリル文字,大文字,,,,
845A,273B,Щ,チシャー,チシャー,ロシアノチシャー,チシャ,,,シシャー,キリル文字,大文字,,,,
845B,273C,Ъ,イェル,イェル,ロビオールドイェル,ドビオールドイェル,,,コウオンキゴウ,キリル文字,大文字,,,,
845C,273D,Ы,ウィ,ウィ,ロシアノウィ,ウィー,,,ウィ,キリル文字,大文字,,,,
845D,273E,Ь,イェリ,イエリ,ロシアミアーフキーノイエリ,イエリニアーフキー,,,ナンオンキゴウ,キリル文字,大文字,,,,
845E,273F,Э,エー,エー,ロシアノエー,エー,,,エー,キリル文字,大文字,,,＊＊,英文字と同じ読み
845F,2740,Ю,ユー,ユー,ロシアノユー,ユー,,,ユー,キリル文字,大文字,,,＊＊,英文字と同じ読み
8460,2741,Я,ラー,ヤー,ロシアノラー,ヤー,,,ヤー,キリル文字,大文字,,,,
8470,2751,а,アー,アー,ロシアノアー,アー,,,アー,キリル文字,小文字,,,,
8471,2752,б,ベー,ベー,ロシアノベー,ベー,,,ベー,キリル文字,小文字,,,,
8472,2753,в,リエー,ウェー,ロシアノブェー,ブェー,,,ヴェー,キリル文字,小文字,,,,
8473,2754,г,ゲー,ゲー,ロシアノゲー,ゲー,,,ゲー,キリル文字,小文字,,,,
8474,2755,д,デー,デー,ロシアノデー,デー,,,デー,キリル文字,小文字,,,,
8475,2756,е,イエー,イエー,ロシアノイェー,イェー,,,ィエー,キリル文字,小文字,,,,
8476,2757,ё,ヨー,イヨー,ロシアノイョー,イョー,,,ィヨー,キリル文字,小文字,,,,
8477,2758,ж,ジェー,チェー,ロシアノジェー,ジェー,,,ジェー,キリル文字,小文字,,,,
8478,2759,з,ゼー,ズー,ロシアノゼー,ゼー,,,ゼー,キリル文字,小文字,,,,
8479,275A,и,イー,イー,ロシアノイー,イー,,,イー,キリル文字,小文字,,,＊＊,英文字と同じ読み
847A,275B,й,イークラトコエ,イークラトコエ,ロシアノイクラートカヤ,イクラートカヤ,,,イークラトコエ,キリル文字,小文字,,,,
847B,275C,к,カー,カー,ロシアノカー,カー,,,カー,キリル文字,小文字,,,,
847C,275D,л,エル,エル,ロシアノエル,エル,,,エル,キリル文字,小文字,,,＊＊,英文字、他のロシア文字と同じ読み
847D,275E,м,エム,エム,ロシアノエム,エム,,,エム,キリル文字,小文字,,,＊＊,英文字と同じ読み
847E,275F,н,エヌ,エヌ,ロシアノエヌ,エヌ,,,エヌ,キリル文字,小文字,,,＊＊,英文字と同じ読み
8480,2760,о,オー,オー,ロシアノオー,オー,,,オー,キリル文字,小文字,,,＊＊,英文字と同じ読み
8481,2761,п,ペー,ペー,ロシアゴノペー,ペー,,,ペー,キリル文字,小文字,,,,
8482,2762,р,エルアール,エル,ロシアゴノエル,エル,,,エル,キリル文字,小文字,,,＊＊,英文字、他のロシア文字と同じ読み
8483,2763,с,エス,エス,ロシアゴノエス,エス,,,エス,キリル文字,小文字,,,＊＊,英文字と同じ読み
8484,2764,т,テー,テー,ロシアゴノテー,テー,,,テー,キリル文字,小文字,,,,
8485,2765,у,ウー,ウー,ロシアゴノムー,ウー,,,ウー,キリル文字,小文字,,,,
8486,2766,ф,エフ,エフ,ロシアゴノエフ,エフ,,,エフ,キリル文字,小文字,,,＊＊,英文字と同じ読み
8487,2767,х,ハー,ハー,ロシアゴノパー,ハー,,,ハー,キリル文字,小文字,,,,
8488,2768,ц,ツェー,ツェー,ロシアノズェー,ツェー,,,ツェー,キリル文字,小文字,,,,
8489,2769,ч,チェー,チェー,ロシアノチェー,チェー,,,チェー,キリル文字,小文字,,,,
848A,276A,ш,シァー,シャー,ロシアノシャー,シャ,,,シャー,キリル文字,小文字,,,,
848B,276B,щ,チシャー,チシャー,ロシアノチシャー,チシャ,,,シシャー,キリル文字,小文字,,,,
848C,276C,ъ,イェル,イェル,ロビオールドイェル,ドビオールドイェル,,,コウオンキゴウ,キリル文字,小文字,,,,
848D,276D,ы,ウィ,ウィ,ロシアノウィ,ウィー,,,ウィ,キリル文字,小文字,,,,
848E,276E,ь,イェリ,イエリ,ロシアミアーフキーノイエリ,イエリニアーフキー,,,ナンオンキゴウ,キリル文字,小文字,,,,
848F,276F,э,エー,エー,ロシアノエー,エー,,,エー,キリル文字,小文字,,,＊＊,英文字と同じ読み
8490,2770,ю,ユー,ユー,ロシアノユー,ユー,,,ユー,キリル文字,小文字,,,＊＊,英文字と同じ読み
8491,2771,я,ラー,ヤー,ロシアノラー,ヤー,,,ヤー,キリル文字,小文字,,,,
849F,2821,─,ヨコセン,ヨコホソ,ヨコセン,ケイセン,,細線素片,ヨコセン,罫線,,,,,
84A0,2822,│,タテセン,タテホソ,タテセン,ケイセン,,細線素片,タテセン,罫線,,,,＊＊,8162と同じ読み
84A1,2823,┌,ヒダリウエ,ミギホソシタホソ,ヒダリウエチョッカクセン,ミギホソシタホソ,,細線素片,ヒダリウエ,罫線,,,,,
84A2,2824,┐,ミギウエ,ヒダホソシタホソ,ミギウエチョッカクセン,ヒダリホソシタホソ,,細線素片,ミギウエ,罫線,,,,,
84A3,2825,┘,ミギシタ,ヒダホソウエホソ,ミギシタチョッカクセン,ヒダリホソウエホソ,,細線素片,ミギシタ,罫線,,,,,
84A4,2826,└,ヒダリシタ,ミギホソウエホソ,ヒダリシタチョッカクセン,ミギホソウエホソ,,細線素片,ヒダリシタ,罫線,,,,,
84A5,2827,├,タテセンミギ,ミギホソタテホソ,タテセンミギニヨコセン,ミギホソタテホソ,,細線素片,タテセンミギ,罫線,,,,,
84A6,2828,┬,ヨコセンシタ,ヨコホソシタホソ,ヨコセンニシタタテセン,ヨコホソシタホソ,,細線素片,ヨコセンシタ,罫線,,,,,
84A7,2829,┤,タテセンヒダリ,ヒダホソタテホソ,タテセンニヒダリヨコセン,ヒダリホソタテホソ,,細線素片,タテセンヒダリ,罫線,,,,,
84A8,282A,┴,ヨコセンウエ,ヨコホソウエホソ,ヨコセンニウエタテセン,ヨコホソウエホソ,,細線素片,ヨコセンウエ,罫線,,,,,
84A9,282B,┼,クロス,ヨコホソタテホソ,タテヨコクロス,ヨコホソタテホソ,,細線素片,クロス,罫線,,,,,
84AA,282C,━,ヨコセンダイ,ヨコフト,フトヨコセン,ケイセン,,太線素片,フトヨコセン,罫線,,,,,
84AB,282D,┃,タテセンダイ,タテフト,フトタテセン,ケイセン,,太線素片,フトタテセン,罫線,,,,,
84AC,282E,┏,ヒダリウエダイ,ミギフトシタフト,フトヒダリウエチョッカクセン,ミギフトシタフト,,太線素片,フトヒダリウエ,罫線,,,,,
84AD,282F,┓,ミギウエダイ,ヒダフトシタフト,フトミギウエチョッカクセン,ヒダリフトシタフト,,太線素片,フトミギウエ,罫線,,,,,
84AE,2830,┛,ミギシタダイ,ヒダフトウエフト,フトミギシタチョッカクセン,ヒダリフトウエフト,,太線素片,フトミギシタ,罫線,,,,,
84AF,2831,┗,ヒダリシタダイ,ミギフトウエフト,フトヒダリシタチョッカクセン,ミギフトウエフト,,太線素片,フトヒダリシタ,罫線,,,,,
84B0,2832,┣,タテセンミギダイ,ミギフトタテフト,フトタテセンミギニヨコセン,ミギフトタテフト,,太線素片,フトタテセンミギ,罫線,,,,,
84B1,2833,┳,ヨコセンシタダイ,ヨコフトシタフト,フトヨコセンニシタタテセン,ヨコフトシタフト,,太線素片,フトヨコセンシタ,罫線,,,,,
84B2,2834,┫,タテセンヒダリダイ,ヒダフトタテフト,フトタテセンニヒダリヨコセン,ヒダリフトタテフト,,太線素片,フトタテセンヒダリ,罫線,,,,,
84B3,2835,┻,ヨコセンウエダイ,ヨコフトウエフト,フトヨコセンニウエタテセン,ヨコフトウエフト,,太線素片,フトヨコセンウエ,罫線,,,,,
84B4,2836,╋,クロスダイ,ヨコフトタテフト,フトタテヨコクロス,ヨコフトタテフト,,太線素片,フトクロス,罫線,,,,,
84B5,2837,┠,タテセンミギクミ,ミギホソタテフト,フトタテセンニホソミギヨコセン,ミギホソタテフト,,細線太線混在素片,フトタテセンホソミギ,罫線,,,,,
84B6,2838,┯,ヨコセンシタクミ,ヨコフトシタホソ,フトヨコセンニホソシタタテセン,ヨコフトシタホソ,,細線太線混在素片,フトヨコセンホソシタ,罫線,,,,,
84B7,2839,┨,タテセンヒダリクミ,ヒダホソタテフト,フトタテセンニホソヒダリヨコセン,ヒダリホソタテフト,,細線太線混在素片,フトタテセンホソヒダリ,罫線,,,,,
84B8,283A,┷,ヨコセンウエクミ,ヨコフトウエホソ,フトヨコセンニホソウエタテセン,ヨコフトウエホソ,,細線太線混在素片,フトヨコセンホソウエ,罫線,,,,,
84B9,283B,┿,クロスクミ,ヨコフトタテホソ,ホソタテフトヨコクロス,ヨコフトタテホソ,,細線太線混在素片,フトヨコセンクロス,罫線,,,,,
84BA,283C,┝,タテセンミギクミ,ミギフトタテホソ,ホソタテセンニフトミギヨコセン,ミギフトタテホソ,,細線太線混在素片,タテセンフトミギ,罫線,,,,,
84BB,283D,┰,ヨコセンシタクミ,ヨコホソシタフト,ホソヨコセンニフトシタタテセン,ヨコホソシタフト,,細線太線混在素片,ヨコセンフトシタ,罫線,,,,,
84BC,283E,┥,タテセンヒダリクミ,ヒダフトタテホソ,ホソタテセンニフトヒダリヨコセン,ヒダリフトタテホソ,,細線太線混在素片,タテセンフトヒダリ,罫線,,,,,
84BD,283F,┸,ヨコセンウエクミ,ヨコホソウエフト,ホソヨコセンニフトウエタテセン,ヨコホソウエフト,,細線太線混在素片,ヨコセンフトウエ,罫線,,,,,
84BE,2840,╂,クロスクミ,ヨコホソタテフト,フトタテホソヨコクロス,ヨコホソタテフト,,細線太線混在素片,フトタテセンクロス,罫線,,,,,
8740,2D21,①,マルイチ,マルイチ,マルノナカニイチノマルイチ,マルイチ,,,マルイチ,数字,,,,,
8741,2D22,②,マルニ,マルニ,マルノナカニニノマルニ,マルニ,,,マルニ,数字,,,,,
8742,2D23,③,マルサン,マルサン,マルノナカニサンノマルサン,マルサン,,,マルサン,数字,,,,,
8743,2D24,④,マルヨン,マルヨン,マルノナカニヨンノマルヨン,マルヨン,,,マルヨン,数字,,,,,
8744,2D25,⑤,マルゴ,マルゴ,マルノナカニゴノマルゴ,マルゴ,,,マルゴ,数字,,,,,
8745,2D26,⑥,マルロク,マルロク,マルノナカニロクノマルロク,マルロク,,,マルロク,数字,,,,,
8746,2D27,⑦,マルナナ,マルナナ,マルノナカニナナノマルナナ,マルナナ,,,マルナナ,数字,,,,,
8747,2D28,⑧,マルハチ,マルハチ,マルノナカニハチノマルハチ,マルハチ,,,マルハチ,数字,,,,,
8748,2D29,⑨,マルキュー,マルキュー,マルノナカニキューノマルキュー,マルキュー,,,マルキュウ,数字,,,,,
8749,2D2A,⑩,マルジュー,マルジュー,マルノナカニジュウ,マルジュー,,,マルジュウ,数字,,,,,
874A,2D2B,⑪,マルジュウイチ,マルジュウイチ,マルノナカニジュウイチ,マルジュウイチ,,,マルジュウイチ,数字,,,,,
874B,2D2C,⑫,マルジュウニ,マルジュウニ,マルノナカニジュウニ,マルジュウニ,,,マルジュウニ,数字,,,,,
874C,2D2D,⑬,マルジュウサン,マルジュウサン,マルノナカニジュウサン,マルジュウサン,,,マルジュウサン,数字,,,,,
874D,2D2E,⑭,マルジュウヨン,マルジュウヨン,マルノナカニジュウヨン,マルジュウヨン,,,マルジュウヨン,数字,,,,,
874E,2D2F,⑮,マルジュウゴ,マルジュウゴ,マルノナカニジュウゴ,マルジュウゴ,,,マルジュウゴ,数字,,,,,
874F,2D30,⑯,マルジュウロク,マルジュウロク,マルノナカニジュウロク,マルジュウロク,,,マルジュウロク,数字,,,,,
8750,2D31,⑰,マルジュウナナ,マルジュウナナ,マルノナカニジュウナナ,マルジュウナナ,,,マルジュウナナ,数字,,,,,
8751,2D32,⑱,マルジュウハチ,マルジュウハチ,マルノナカニジュウハチ,マルジュウハチ,,,マルジュウハチ,数字,,,,,
8752,2D33,⑲,マルジュウキュウ,マルジュウク,マルノカニジュウキュウ,マルジュウキュウ,,,マルジュウキュウ,数字,,,,,
8753,2D34,⑳,マルニジュウ,マルニジュウ,マルノナカニニジュウ,マルニジュウ,,,マルニジュウ,数字,,,,,
8754,2D35,Ⅰ,ワン,ワン（ローマスウジイチ）,ローマスウジノイチ,イチ,,,イチ,ローマ数字,,,,,
8755,2D36,Ⅱ,ツー,ツー（ローマスウジニ）,ローマスウジノニ,ニ,,,ニ,ローマ数字,,,,,
8756,2D37,Ⅲ,スリー,スリー（ローマスウジサン）,ローマスウジノサン,サン,,,サン,ローマ数字,,,,,
8757,2D38,Ⅳ,フォー,フォー（ローマスウジヨン）,ローマスウジノヨン,ヨン,,,ヨン,ローマ数字,,,,,
8758,2D39,Ⅴ,ファイブ,ファイブ（ローマスウジゴ）,ローマスウジノゴ,ゴ,,,ゴ,ローマ数字,,,,,
8759,2D3A,Ⅵ,シックス,シックス（ローマスウジロク）,ローマスウジノロク,ロク,,,ロク,ローマ数字,,,,,
875A,2D3B,Ⅶ,セブン,セブン（ローマスウジナナ）,ローマスウジノナナ,ナナ,,,ナナ,ローマ数字,,,,,
875B,2D3C,Ⅷ,エイツ,エイト（ローマスウジハチ）,ローマスウジノハチ,ハチ,,,ハチ,ローマ数字,,,,,
875C,2D3D,Ⅸ,ナイン,ナイン（ローマスウジキュー）,ローマスウジノキュー,キュー,,,キュウ,ローマ数字,,,,,
875D,2D3E,Ⅹ,テン,テン（ローマスウジジュー）,ローマスウジノジュー,ジュウ,,,ジュウ,ローマ数字,,,,,
875F,2D40,㍉,カナミリ,カナミリ,タンイノミリ（カナミリ）,ミリ,,,カナミリ,単位記号,,,,,
8760,2D41,㌔,カナキロ,カナキロ,タンイノキロ（カナキロ）,キロ,,,カナキリ,単位記号,,,,,
8761,2D42,㌢,カナセンチ,カナセンチ,タンイセンチノセンチ（カナセンチ）,センチ,,,カナセンチ,単位記号,,,,,
8762,2D43,㍍,カナメートル,カナメートル,ゼンカクキゴウノメートル（カナメートル）,メートル,,,カナメートル,単位記号,,,,,
8763,2D44,㌘,カナグラム,カナグラム,オモサノグラム（カナグラム）,グラム,,,カナグラム,単位記号,,,,,
8764,2D45,㌧,カナトン,カナトン,タンイトンノトン（カナトン,トン,,,カナトン,単位記号,,,,,
8765,2D46,㌃,カナアール,カナアール,メンセキノタンイノアール（カナアール）,アール,,,カナアール,単位記号,,,,,
8766,2D47,㌶,カナヘクタール,カナヘクタール,メンセキノタンイノヘクタール（カナヘクタール）,ヘクタール,,,カナヘクタール,単位記号,,,,,
8767,2D48,㍑,カナリットル,カナリットル,リョウノタンイノリットル（カナリットル）,リットル,,,カナリットル,単位記号,,,,,
8768,2D49,㍗,カナワット,カナワット,タンイノフット（カナワット）,ワット,,,カナワット,単位記号,,,,,
8769,2D4A,㌍,カナカロリー,カナカロリー,ネツリョウノタンイノカロリー（カナカロリー）,カロリー,,,カナカロリー,単位記号,,,,,
876A,2D4B,㌦,カナドル,カナドル,カヘイノタンイノドル（カナドル）,ドル,,,カナドル,単位記号,,,,,
876B,2D4C,㌣,カナセント,カナセント,カヘイノタンイノセント（カナセント）,セント,,,カナセント,単位記号,,,,,
876C,2D4D,㌫,カナパーセント,カナパーセント,カナパーセント,パーセント,,,カナパーセント,単位記号,,,,,
876D,2D4E,㍊,カナビリバール,カナミリバール,カナミリバール,ミリバール,,,カナミリバール,単位記号,,,,,
876E,2D4F,㌻,カナページ,カナページ,カナページ,ページ,,,カナページ,単位記号,,,,,
876F,2D50,㎜,ミリメートル,ミリメートル,ナガサノミリメートル,ミリメートル,,,ミリメートル,単位記号,,,,,
8770,2D51,㎝,センチメートル,センチメートル,ナガサノセンチメートル,センチメートル,,,センチメートル,単位記号,,,,,
8771,2D52,㎞,キロメートル,キロメートル,キョリノタンイノキロメートル,キロメートル,,,キロメートル,単位記号,,,,,
8772,2D53,㎎,ミリグラム,ミリグラム,オモサノタンイノミリグラム,ミリグラム,,,ミリグラム,単位記号,,,,,
8773,2D54,㎏,キログラム,キログラム,オモサノタンイノキログラム,キログラム,,,キログラム,単位記号,,,,,
8774,2D55,㏄,シーシー,シーシー,タイセキノタンイノシーシー,シーシー,,,シーシー,単位記号,,,,,
8775,2D56,㎡,ヘイホウメートル,ヘイホウメートル,メンセキノヘイホウメートル,ヘイホウメートル,,,ヘイホウメートル,単位記号,,,,,
877E,2D5F,㍻,ヘイセイ,ヘイセイ,ヘイセイ,ヘイセイ,,,ヘイセイ,記号,,,,,
8780,2D60,〝,ヒゲヒラキ,ヒゲヒラキ,ヒゲヒラキ,,,,ヒゲヒラキ,記号,,,,,
8781,2D61,〟,ヒゲトジ,ヒゲトジ,ヒゲトジ,,,,ヒゲトジ,記号,,,,,
8782,2D62,№,ナンバー,ナンバー,ナンバー,ナンバー,,,ナンバー,記号,,,,,
8783,2D63,㏍,ケーケー,ケーケー,カブシキガイシャノケーケー,カブシキガイシャ,,,ケーケー,記号,,,,,
8784,2D64,℡,テレフォン,テレフォン,デンワバンゴウ,デンワバンゴウ,,,テレフォン,記号,,,,,
8785,2D65,㊤,マルウエ,マルウエ,マルノナカニウエ,マルノナカニウエ,,,マルウエ,記号,,,,,
8786,2D66,㊥,マルナカ,マルナカ,マルノナカニチュー,マルノナカニチュウ,,,マルナカ,記号,,,,,
8787,2D67,㊦,マルシタ,マルシタ,マルノナカニシタ,マルノナカニシタ,,,マルシタ,記号,,,,,
8788,2D68,㊧,マルヒダリ,マルヒダリ,マルノナカニヒダリ,マルノナカニヒダリ,,,マルヒダリ,記号,,,,,
8789,2D69,㊨,マルミギ,マルミギ,マルノナカニミギ,マルノナカニミビ,,,マルミギ,記号,,,,,
878A,2D6A,㈱,カッコカブ,カッコカブ,カブシキガイシャ,カブシキガイシャ,,,カッコカブ,記号,,,,,
878B,2D6B,㈲,カッコユウゲン,カッコユウゲン,ユウゲンガイシャ,ユウゲンガイシャ,,,カッコユウゲン,記号,,,,,
878C,2D6C,㈹,カッコダイヒョウ,カッコダイヒョウ,ダイヒョウ,ダイヒョウ,,,カッコダイヒョウ,記号,,,,,
878D,2D6D,㍾,メイジ,メイジ,ゲンゴウノメイジ,メイジ,,,メイジ,記号,,,,,
878E,2D6E,㍽,タイショウ,タイショウ,ゲンゴウノタイショウ,タイショウ,,,タイショウ,記号,,,,,
878F,2D6F,㍼,ショウワ,ショウワ,ゲンゴウノショウワ,ショウワ,,,ショウワ,記号,,,,,
8790,,,,,,,,,,,,,,,
8791,,,,,,,,,,,,,,,
8792,,,,,,,,,,,,,,,
8793,2D73,∮,クウシュウゴウ,シュウカイセキブン,スウガクノシュウカイセキブン,シュウカイセキブン,,,シュウカイセキブン,数学記号,,,,,
8794,2D74,∑,シグマ,シグマ,スウガクノシグマ,シグマ,,,シグマ,数学記号,,,,,
8795,,,,,,,,,,,,,,,
8796,,,,,,,,,,,,,,,
8797,,,,,,,,,,,,,,,
8798,2D78,∟,チョッカク,チョッカク,スウガクノチョッカク,チョッカク,,,チョッカク,数学記号,,,,,
8799,2D79,⊿,サンカクケイ,サンカクケイ,スウガクノサンカクケイ,サンカクケイ,,,サンカクケイ,数学記号,,,,,
879A,,,,,,,,,,,,,,,
879B,,,,,,,,,,,,,,,
879C,,,,,,,,,,,,,,,
,,,,,,,,,,,,,,,
,,598,,,,,,,,,,,,,
