Shift JIS,ＪＩＳ,記号,PC-Talker,XP Reader,VDM,JAWS 6.2,日本語通用名称,記号の読み,文字種別,大文字／小文字,フォネティック読み,,読みの重複,
8140,2121,　,,,,,和字間隔,スペース,記号,,,,,
8141,2122,、,テン,テン,テン,テン,読点,テン,記号,,,,,
8142,2123,。,マル,マル,マル,マル,句点,マル,記号,,,,,
8143,2124,，,コンマ,コンマ,コンマ,カンマ,コンマ,コンマ,記号,,,,,
8144,2125,．,ピリオド,ピリオド,ピリオド,ピリオド,ピリオド,ピリオド,記号,,,,,
8145,2126,・,ナカテン,ナカテン,ナカテン,ナカテン,中点,ナカテン,記号,,,,,
8146,2127,：,コロン,コロン,コロン,コロン,コロン,コロン,記号,,,,,
8147,2128,；,セミコロン,セミコロン,セミコロン,セミコロン,セミコロン,セミコロン,記号,,,,,
8148,2129,？,クエッション,クエッション,クエッション,クエスチョン,疑問符,クエスチョン,記号,,,,,
8149,212A,！,カンタンフ,カンタンフ,カンタンフ,カンタンフ,感嘆符,カンタンフ,記号,,,,,
814A,212B,゛,ダクテン,ダクテン,ダクテン,ダクテン,濁点,ダクテン,記号,,,,,
814B,212C,゜,ハンダクテン,ハンダクテン,ハンダクテン,ハンダクテン,半濁点,ハンダクテン,記号,,,,,
814C,212D,´,テデュー,アクサンテデュー,テデュー,アクサンテデュー,アクサンテギュ、アキュートアクセント、プライム記号,アクサンテギュ,記号,,,,,
814D,212E,｀,グラーブ,アクサングラーブ,グラーブ,アクサングラーブ,アクサングラーブ、グレーブアクセント,アクサングラーブ,記号,,,,,
814E,212F,¨,ウムラウト,ウムラウト,ウムラウト,ウムラウト,ウムラウト、ダイエレシス,ウムラウト,記号,,,,,
814F,2130,＾,ベキジョウ,ベキジョウ,ベキジョウ,ベキジョウ,アクサンシルコンフレックス、サーカムフレックスアクセント,ベキジョウ,記号,,,,,
8150,2131,￣,オーバーライン,オーバーライン,オーバーライン,オーバーライン,オーバーライン、論理否定記号,オーバーライン,記号,,,,,
8151,2132,＿,アンダーライン,アンダーライン,アンダーライン,アンダー,アンダーライン,アンダーライン,記号,,,,,
8152,2133,ヽ,クリカエシ,クリカエシ,クリカエシ,カタカナクリカエシ,片仮名繰返し記号,クリカエシ,片仮名,,,,,
8153,2134,ヾ,クリカエシダクテン,クリカエシダクテン,クリカエシダクテン,カタカナダクテンクリカエシ,片仮名繰返し記号（濁点）,クリカエシダクテン,片仮名,,,,,
8154,2135,ゝ,クリカエシ,クリカエシ,クリカエシ,ヒラガナクリカエシ,平仮名繰返し記号,クリカエシ,平仮名,,,,,
8155,2136,ゞ,クリカエシダクテン,クリカエシダクテン,クリカエシダクテン,ヒラガナダクテンクリカエシ,平仮名繰返し記号（濁点）,クリカエシダクテン,平仮名,,,,,
8156,2137,〃,オナジク,オナジク,オナジク,オナジク,同じく記号,オナジク,記号,,,,,
8157,2138,仝,ドウジョウ,ドウジョウ,ドウジョウ,ドウジョウ,同上記号,ドウジョウ,記号,,,,,
8158,2139,々,オドリジ,オドリジ,オドリジ,クリカエシキゴウ,繰返し記号,オドリジ,記号,,,,,
8159,213A,〆,シメ,シメ,シメ,シメ,しめ,シメ,記号,,,,,
815A,213B,〇,ゼロ,レー,ゼロ,ゼロ,漢数字ゼロ,ゼロ,漢数字,,,,,
815B,213C,ー,バー,チョウオン,バー,チョウオン,長音記号,チョウオン,記号,,,,,
815C,213D,―,バー,ダッシュ,バー,ダッシュ,ダッシュ（全角）,バー,記号,,,,,
815D,213E,‐,ハイフン,ハイフン,ハイフン,ハイフン,ハイフン（四分）,ハイフン,記号,,,,,
815E,213F,／,スラッシュ,スラッシュ,スラッシュ,スラッシュ,斜線,スラッシュ,記号,,,,,
815F,2140,＼,ギャクスラッシュ,ギャクスラッシュ,ギャクスラッシュ,バックスラッシュ,逆斜線,バックスラッシュ,記号,,,,,
8160,2141,～,ナミセン,ナミセン,ナミセン,ナミセン,波ダッシュ,ナミセン,記号,,,,,
8161,2142,∥,タテヘイコウ,タテヘイコウ,タテヘイコウ,ヘイコウ,双柱,タテヘイコウ,記号,,,,,
8162,2143,｜,タテボウ,タテボウ,タテボウ,タテセン,縦線,タテセン,記号,,,,＊＊,84A0と同じ読み
8163,2144,…,テンテンテン,サンテン,テンテンテン,サンテン,三点リーダ,テンテンテン,記号,,,,,
8164,2145,‥,テンテン,ニテン,テンテン,ニテン,二点リーダ,テンテン,記号,,,,,
8165,2146,‘,シングル,シングル,シングル,ヒダリインヨウフ,左シングル引用符,シングル,記号,,,,,
8166,2147,’,シングルトジ,トジシングル,シングルトジ,ミギインヨウフ,右シングル引用符,トジシングル,記号,,,,,
8167,2148,“,クォーテーション,クォーテーション,クォーテーション,ヒダリニジュウインヨウフ,左ダブル引用符,クォーテーション,記号,,,,,
8168,2149,”,クォーテーショントジ,トジクォーテーション,クォーテーショントジ,ミギニジュウインヨウフ,右ダブル引用符,トジクォーテーション,記号,,,,,
8169,214A,（,カッコ,カッコ,カッコ,カッコヒラキ,始め小括弧、始め丸括弧,カッコ,記号,,,,,
816A,214B,）,カッコトジ,トジカッコ,カッコトジ,カッコトジ,終わり小括弧、終わり丸括弧,トジカッコ,記号,,,,,
816B,214C,〔,キッコウ,キッコウ,キッコウ,キッコウ,始めきっこう（亀甲）括弧,キッコウ,記号,,,,,
816C,214D,〕,キッコウトジ,トジキッコウ,キッコウトジ,トジキッコウ,終わりきっこう（亀甲）括弧,トジキッコウ,記号,,,,,
816D,214E,［,カクカッコ,カクカッコ,カクカッコ,ダイカッコヒラキ,始め大括弧、始め角括弧,カクカッコ,記号,,,,,
816E,214F,］,カクカッコトジ,トジカクカッコ,カクカッコトジ,ダイカッコトジ,終わり大括弧、終わり角括弧,トジカクカッコ,記号,,,,,
816F,2150,｛,チュウカッコ,チュウカッコ,チュウカッコ,チュウカッコヒラキ,始め中括弧、始め波括弧,チュウカッコ,記号,,,,,
8170,2151,｝,チュウカッコトジ,トジチュウカッコ,チュウカッコトジ,チュウカッコトジ,終わり中括弧、終わり波括弧,トジチュウカッコ,記号,,,,,
8171,2152,〈,ヤマカッコ,ヤマカッコ,ヤマカッコ,ヤマカッコ,始め山括弧,ヤマカッコ,記号,,,,,
8172,2153,〉,ヤマカッコトジ,トジヤマカッコ,ヤマカッコトジ,トジヤマカッコ,終わり山括弧,トジヤマカッコ,記号,,,,,
8173,2154,《,ニジュウヤマカッコ,ニジュウヤマカッコ,ニジュウヤマカッコ,ニジュウヤマカッコ,始め二重山括弧,ニジュウヤマカッコ,記号,,,,,
8174,2155,》,ニジュウヤマカッコトジ,トジニジュウヤマカッコ,ニジュウヤマカッコトジ,トジニジュウヤマカッコ,終わり二重山括弧,トジニジュウヤマカッコ,記号,,,,,
8175,2156,「,カギ,カギ,カギ,カギヒラキ,始めかぎ括弧,カギ,記号,,,,,
8176,2157,」,カギトジ,トジカギ,カギトジ,カギトジ,終わりかぎ括弧,トジカギ,記号,,,,,
8177,2158,『,ニジュウカギ,ニジュウカギ,ニジュウカギ,ニジュウカギ,始め二重かぎ括弧,ニジュウカギ,記号,,,,,
8178,2159,』,ニジュウカギトジ,トジニジュウカギ,ニジュウカギトジ,ニジュウカギトジ,終わり二重かぎ括弧,トジニジュウカギ,記号,,,,,
8179,215A,【,クロカッコ,クロカッコ,クロカッコ,スミツキ,始めすみ付き括弧,クロカッコ,記号,,,,,
817A,215B,】,クロカッコトジ,トジクロカッコ,クロカッコトジ,スミツキトジ,終わりすみ付き括弧,トジクロカッコ,記号,,,,,
817B,215C,＋,プラス,プラス,プラス,プラス,正符号、加算記号,プラス,数学記号,,,,,
817C,215D,－,マイナス,マイナス,マイナス,マイナス,負記号、減算記号,マイナス,数学記号,,,,,
817D,215E,±,プラスマイナス,プラスマイナス,プラスマイナス,プラスマイナス,正又は負記号,プラスマイナス,数学記号,,,,,
817E,215F,×,カケル,カケル,カケル,カケル,乗算記号,カケル,数学記号,,,,,
8180,2160,÷,ワル,ワル,ワル,ワル,除算記号,ワル,数学記号,,,,,
8181,2161,＝,イコール,イコール,イコール,イコール,等号,イコール,数学記号,,,,,
8182,2162,≠,ノットイコール,ノットイコール,ノットイコール,ノットイコール,等号否定,ノットイコール,数学記号,,,,,
8183,2163,＜,ショウナリ,ショウナリ,ショウナリ,ショウナリ,不等号（より小）,ショウナリ,数学記号,,,,,
8184,2164,＞,ダイナリ,ダイナリ,ダイナリ,ダイナリ,不等号（より大）,ダイナリ,数学記号,,,,,
8185,2165,≦,ショウナリイコール,ショウナリイコール,ショウナリイコール,ショウナリイコール,より小さいか又は等しい,ショウナリイコール,数学記号,,,,,
8186,2166,≧,ダイナリイコール,ダイナリイコール,ダイナリイコール,ダイナリイコール,より大きいか又は等しい,ダイナリイコール,数学記号,,,,,
8187,2167,∞,ムゲンダイ,ムゲンダイ,ムゲンダイ,ムゲンダイ,無限大,ムゲンダイ,数学記号,,,,,
8188,2168,∴,ユエニ,ユエニ,ユエニ,ユエニ,ゆえに,ユエニ,数学記号,,,,,
8189,2169,♂,オス,オス,オス,ダンセイ,雄記号,オス,学術記号,,セイベツノオスキゴウ,,,
818A,216A,♀,メス,メス,メス,ジョセイ,雌記号,メス,学術記号,,セイベツノメスキゴウ,,,
818B,216B,°,ド,ド,ド,ド,度,ド,単位記号,,カクドノド,,,
818C,216C,′,フン,フン,フン,フン,分,フン,単位記号,,カクドノフン,,,
818D,216D,″,ビョウ,ビョウ,ビョウ,ビョウ,秒,ビョウ,単位記号,,カクドノビョウ,,,
818E,216E,℃,ドシー,ドシー,ドシー,ドシー,セ氏度記号,ドシー,単位記号,,セッシドシーキゴウ,,,
818F,216F,￥,エンマーク,エン,エンマーク,エンマーク,円記号,エンマーク,単位記号,,,,,
8190,2170,＄,ドル,ドル,ドル,ドル,ドル記号,ドル,単位記号,,,,,
8191,2171,￠,セント,セント,セント,セント,セント記号,セント,単位記号,,,,,
8192,2172,￡,ポンド,ポンド,ポンド,ポンド,ポンド記号,ポンド,単位記号,,,,,
8193,2173,％,パーセント,パーセント,パーセント,パーセント,パーセント,パーセント,単位記号,,,,,
8194,2174,＃,シャープ,シャープ,シャープ,シャープ,番号記号、井げた,シャープ,記号,,,,＊＊,81F2と同じ読み
8195,2175,＆,アンド,アンド,アンド,アンパサンド,アンパサンド,アンド,記号,,,,,
8196,2176,＊,アスタリスク,アスタリスク,アスタリスク,アスタリスク,星印、アステリスク,アスタリスク,記号,,,,,
8197,2177,＠,アットマーク,アットマーク,アットマーク,アット,単価記号,アットマーク,記号,,,,,
8198,2178,§,セクション,セクション,セクション,セクション,節記号,セクション,記号,,,,,
8199,2179,☆,ホシジルシ,ホシジルシ,シロヌキノホシジルシ,シロボシ,白星,ホシジルシ,記号,,,,,
819A,217A,★,クロボシ,クロボシ,スミヌリノホシジルシ,クロボシ,黒星,クロボシ,記号,,,,,
819B,217B,○,マルジルシ,マルジルシ,シロヌキノマルジルシ,シロマル,丸印、白丸,マルジルシ,記号,,,,,
819C,217C,●,クロマル,クロマル,スミヌリノマルジルシ,クロマル,黒丸,クロマル,記号,,,,,
819D,217D,◎,ニジュウマル,ニジュウマル,ニジュウマルジルシ,ニジュウマル,二重丸,ニジュウマル,記号,,,,,
819E,217E,◇,ヒシガタ,ヒシガタ,シロヌキノヒシガタ,ヒシガタ,ひし形,ヒシガタ,記号,,,,,
819F,2221,◆,クロヒシガタ,クロヒシガタ,スミヌリノヒシガタ,クロヒシガタ,黒ひし形,クロヒシガタ,記号,,,,,
81A0,2222,□,シカク,シカク,シロヌキノシカク,シカク,四角,シカク,記号,,,,,
81A1,2223,■,クロシカク,クロシカク,スミヌリノシカク,クロシカク,黒四角,クロシカク,記号,,,,,
81A2,2224,△,サンカク,サンカク,シロヌキノサンカク,サンカク,三角,サンカク,記号,,,,,
81A3,2225,▲,クロサンカク,クロサンカク,スミヌリノサンカク,クロサンカク,黒三角,クロサンカク,記号,,,,,
81A4,2226,▽,ギャクサンカク,ギャクサンカク,シロヌキノギャクサンカク,ギャクサンカク,逆三角,ギャクサンカク,記号,,,,,
81A5,2227,▼,クロギャクサンカク,クロギャクサンカク,スミヌリノギャクサンカク,ギャククロサンカク,逆黒三角,クロギャクサンカク,記号,,,,,
81A6,2228,※,コメジルシ,コメジルシ,コメジルシ,コメジルシ,米印,コメジルシ,記号,,,,,
81A7,2229,〒,ユウビン,ユウビン,ユウビンマーク,ユウビン,郵便記号,ユウビン,記号,,,,,
81A8,222A,→,ミギヤジルシ,ミギヤジルシ,ミギムキヤジルシ,ミギヤジルシ,右向矢印,ミギヤジルシ,記号,,,,,
81A9,222B,←,ヒダリヤジルシ,ヒダリヤジルシ,ヒダリムキヤジルシ,ヒダリヤジルシ,左向矢印,ヒダリヤジルシ,記号,,,,,
81AA,222C,↑,ウエヤジルシ,ウエヤジルシ,ウエムキヤジルシ,ウエヤジルシ,上向矢印,ウエヤジルシ,記号,,,,,
81AB,222D,↓,シタヤジルシ,シタヤジルシ,シタムキヤジルシ,シタヤジルシ,下向矢印,シタヤジルシ,記号,,,,,
81AC,222E,〓,デタジルシ,ゲタジルシ,クギリキゴウ,クギリキゴウ,げた記号,ゲタジルシ,記号,,,,,
81B8,223A,∈,ゾクスル,ゾクスルキゴウ,ゾクスルキゴウ,ゾクスル,属する,ゾクスル,数学記号,,,,,
81B9,223B,∋,ゲントシテフクム,ゲントシテフクム,モトトシテフクム,モトトシテフクム,元として含む,ゲントシテフクム,数学記号,,,,,
81BA,223C,⊆,ブブンシュウゴウ,ブブンシュウゴウ,クブンシュウゴウ,ブブンシュウゴウ,部分集合,ブブンシュウゴウ,数学記号,,,,,
81BB,223D,⊇,ブブンシュウゴウゲントシテフクム,ブブンヲフクム,クブンヲフクム,ブブンモフクム,部分集合（逆方向）,ブブンシュウゴウギャク,数学記号,,,,,
81BC,223E,⊂,シンブシュウゴウ,シンブブンシュウゴウ,シンフブンシュウゴウ,シンブブンシュウゴウ,真部分集合,シンブブンシュウゴウ,数学記号,,,,,
81BD,223F,⊃,シンブシュウゴウゲントシテフクム,シンブヲフクム,シンブヲフクム,シンブヲフクム,真部分集合（逆方向）,シンブブンシュウゴウギャク,数学記号,,,,,
81BE,2240,∪,カップ,カップ,ガッペイシュゴウ,ガッペイシュウゴウ,合併集合,カップ,数学記号,,,,,
81BF,2241,∩,キャップ,キャップ,キョウツウシュウゴウ,キョウツウシュウゴウ,共通集合,キャップ,数学記号,,,,,
81C8,224A,∧,オヨビ,ゴウセツキゴウ,ゴウセツキゴウ,ゴウセツキゴウ,及び（合接）,オヨビ,数学記号,,,,,
81C9,224B,∨,マタハ,イセツキゴウ,イセツキゴウ,リセツキゴウ,又は（離接）,マタハ,数学記号,,,,,
81CA,224C,￢,ヒテイ,キゴウノヒテイ,ヒテイキゴウ,ヒテイキゴウ,否定,ヒテイ,数学記号,,,,,
81CB,224D,⇒,ナラバ,ゴウイキゴウ,ゴウイキゴウ,ゴウイキゴウ,ならば（含意）,ナラバ,数学記号,,,,,
81CC,224E,⇔,ドウチ,ドウチキゴウ,ドウチキゴウ,ドウチキゴウ,同値,ドウチ,数学記号,,,,,
81CD,224F,∀,フツウゲンテイシ,フツウゲンテイシ,フツウゲンテイシ,フツウゲンテイシ,すべての（普通限定子）,フツウゲンテイシ,数学記号,,,,,
81CE,2250,∃,ソンザイゲンテイシ,ソンザイゲンテイシ,ソンザイゲンテイシ,ソンザイゲンテイシ,存在する（存在限定子）,ソンザイゲンテイシ,数学記号,,,,,
81DA,225C,∠,カク,カク,カクキゴウ,カクキゴウ,角,カク,数学記号,,,,,
81DB,225D,⊥,スイチョク,スイチョク,スイチョク,スイチョク,垂直,スイチョク,数学記号,,,,,
81DC,225E,⌒,コキゴウ,コキゴウ,コキゴウ,コキゴウ,弧,コキゴウ,数学記号,,,,,
81DD,225F,∂,デル,ラウンドイー,ラウンドディー,ラウンドディー,デル、ラウンドディー,ラウンドディー,数学記号,,,,,
81DE,2260,∇,ナブラ,ナブラキゴウ,ナブラキゴウ,ナブラキゴウ,ナブラ,ナブラ,数学記号,,,,,
81DF,2261,≡,ゴウドウ,ゴウドウ,ツネニヒトシイキゴウ,ツネニヒトシイキゴウ,ツネに等しい、合同,ゴウドウ,数学記号,,,,,
81E0,2262,≒,ニアリーイコール,ニアリーイコール,ホトンドヒトシイ,ホトンドヒトシイ,ほとんど等しい,二アリーイコール,数学記号,,,,,
81E1,2263,≪,ベリースモール,ヒジョウニチイサイキゴウ,ヒジョウニチイサイキゴウ,ヒジョウニチイサイキゴウ,非常に小さい,ヒジョウニチイサイ,数学記号,,,,,
81E2,2264,≫,ベリービッグ,ヒジョウニオオキイキゴウ,ヒジョウニオオキイキゴウ,ヒジョウニオオキイキゴウ,非常に大きい,ヒジョウニオオキイ,数学記号,,,,,
81E3,2265,√,ルート,ルート,コンキゴウ,ヘイホウコン,根号,ルート,数学記号,,,,,
81E4,2266,∽,ソウジ,ソウジキゴウ,ソウジキゴウ,ソウジキゴウ,相似,ソウジ,数学記号,,,,,
81E5,2267,∝,ヒレイ,ヒレイキゴウ,ヒレイキゴウ,ヒレイキゴウ,比例,ヒレイ,数学記号,,,,,
81E6,2268,∵,ナントナラバ,ナントナラバ,ナゼナラバキゴウ,ナゼナラバキゴウ,なぜならば,ナゼナラバ,数学記号,,,,,
81E7,2269,∫,インテグラル,インテグラル,セキブンキゴウ,セキブンキゴウ,積分記号,インテグラル,数学記号,,,,,
81E8,226A,∬,ダブルインテグラル,ニジュウセキブンキゴウ,ニジュウセキブンキゴウ,ニジョウセキブンキゴウ,２重積分記号,ダブルインテグラル,数学記号,,,,,
81F0,2272,Å,オングストローム,オングストローム,オングストローム,オングストローム,オングストローム,オングストローム,単位記号,,,,,
81F1,2273,‰,パーミル,パーミル,パーミル,パーミル,パーミル,パーミル,単位記号,,,,,
81F2,2274,♯,シャープ,シャープ,シャープ,シャープ,シャープ,シャープ,音楽記号,,,,＊＊,8194と同じ読み
81F3,2275,♭,フラット,フラット,,フラット,フラット,フラット,音楽記号,,,,,
81F4,2276,♪,オンプ,オンプ,,オンプ,音符,オンプ,音楽記号,,,,,
81F5,2277,†,ダガー,ダガー,ダガー,ダガー,ダガー,ダガー,記号,,,,,
81F6,2278,‡,ダブルダガー,ダブルダガー,ダブルダガー,ダブルダガー,ダブルダガー,ダブルダガー,記号,,,,,
81F7,2279,¶,ダンラクキゴウ,ダンラクキゴウ,ダンラクキゴウ,,段落記号,ダンラクキゴウ,記号,,,,,
81FC,227E,◯,ゴウセイオーマル,ゴウセイオーマル,ゴウセイオーマルノゼロ,ゴウセイオーマル,大きな丸,オオキナマル,記号,,,,,
824F,2330,０,ゼロ,ゼロ,ゼロ,ゼロ,,ゼロ,数字,,,,,
8250,2331,１,イチ,イチ,イチ,イチ,,イチ,数字,,,,,
8251,2332,２,ニ,ニ,ニ,ニ,,ニ,数字,,,,＊＊,ひらがな、カタカナと同じ読み
8252,2333,３,サン,サン,サン,サン,,サン,数字,,,,,
8253,2334,４,ヨン,ヨン,ヨン,ヨン,,ヨン,数字,,,,,
8254,2335,５,ゴ,ゴ,ゴ,ゴ,,ゴ,数字,,,,＊＊,ひらがな、カタカナと同じ読み
8255,2336,６,ロク,ロク,ロク,ロク,,ロク,数字,,,,,
8256,2337,７,ナナ,ナナ,ナナ,ナナ,,ナナ,数字,,,,,
8257,2338,８,ハチ,ハチ,ハチ,ハチ,,ハチ,数字,,,,,
8258,2339,９,キュウ,キュウ,キュウ,キュウ,,キュウ,数字,,,,,
8260,2341,Ａ,アルファ,エービー,アルファ,アルファ,,エイ,ラテン文字,大文字,アニマル,,＊＊,ロシア文字と同じ読み
8261,2342,Ｂ,ブラボー,ボーイ,ブラボー,ブラボー,,ビー,ラテン文字,大文字,ボーイ,,,
8262,2343,Ｃ,チャーリー,キャット,チャーリー,チャーリー,,シー,ラテン文字,大文字,キャット,,,
8263,2344,Ｄ,デルタ,ダイ,デルタ,デルタ,,ディー,ラテン文字,大文字,デスク,,,
8264,2345,Ｅ,エコー,イート,エコー,エコー,,イー,ラテン文字,大文字,エッグ,,＊＊,ロシア文字と同じ読み
8265,2346,Ｆ,フォックスロット,ファイン,フォックスロット,フォックストロット,,エフ,ラテン文字,大文字,フレンド,,＊＊,ロシア文字と同じ読み
8266,2347,Ｇ,ゴルフ,グッド,ゴルフ,ゴルフ,,ジー,ラテン文字,大文字,ゴルフ,,,
8267,2348,Ｈ,ホテル,ホーム,ホテル,ホテル,,エイチ,ラテン文字,大文字,ホテル,,,
8268,2349,Ｉ,インディア,インデックス,インディア,インディア,,アイ,ラテン文字,大文字,インク,,,
8269,234A,Ｊ,ジュリエット,ジャパン,ジュリエット,ジュリエット,,ジェイ,ラテン文字,大文字,ジャパン,,,
826A,234B,Ｋ,キロ,カインド,キロー,キロー,,ケイ,ラテン文字,大文字,キッチン,,,
826B,234C,Ｌ,リマ,ラム,リマ,リマ,,エル,ラテン文字,大文字,ラブ,,＊＊,ロシア文字と同じ読み
826C,234D,Ｍ,マイク,マックス,マイク,マイク,,エム,ラテン文字,大文字,マイク,,＊＊,ロシア文字と同じ読み
826D,234E,Ｎ,ノベンバー,ノット,ノベンバー,ノベンバー,,エヌ,ラテン文字,大文字,ノベンバー,,＊＊,ロシア文字と同じ読み
826E,234F,Ｏ,オスカ,オープン,オスカ,オスカー,,オー,ラテン文字,大文字,オープン,,＊＊,ロシア文字と同じ読み
826F,2350,Ｐ,パパ,ピンク,パパ,パパ,,ピー,ラテン文字,大文字,パパ,,,
8270,2351,Ｑ,ケベック,クワイアット,ケベック,ケベック,,キュー,ラテン文字,大文字,クエスチョン,,,
8271,2352,Ｒ,ロミオ,ライド,ロミオ,ロミオ,,アール,ラテン文字,大文字,ルーム,,,
8272,2353,Ｓ,シアラ,ソフト,シアラ,シアラ,,エス,ラテン文字,大文字,スポーツ,,＊＊,ロシア文字と同じ読み
8273,2354,Ｔ,タンゴ,タイム,タンゴ,タンゴ,,ティー,ラテン文字,大文字,タイム,,,
8274,2355,Ｕ,ユニフォーム,ユースフル,ユニフォーム,ユニフォーム,,ユー,ラテン文字,大文字,ユージュアリー,,＊＊,ロシア文字と同じ読み
8275,2356,Ｖ,ビクタ,ヴィクトリー,ビクタ,ビクタ,,ブイ,ラテン文字,大文字,ビデオ,,,
8276,2357,Ｗ,ウィスキー,ウーマン,ウィスキー,ウィスキー,,ダブリュー,ラテン文字,大文字,ウィンドウ,,,
8277,2358,Ｘ,エクスレイ,ゼロックス,エクスレイ,エックスレイ,,エックス,ラテン文字,大文字,エックスセン,,,
8278,2359,Ｙ,ヤンキー,イエロー,ヤンキ,ヤンキー,,ワイ,ラテン文字,大文字,ヤング,,,
8279,235A,Ｚ,ズル,ゼブラ,ズル,ズール,,ゼット,ラテン文字,大文字,ズー,,,
8281,2361,ａ,アルファ,エービー,アルファ,アルファ,,エイ,ラテン文字,小文字,アニマル,,＊＊,ロシア文字と同じ読み
8282,2362,ｂ,ブラボー,ボーイ,ブラボー,ブラボー,,ビー,ラテン文字,小文字,ボーイ,,,
8283,2363,ｃ,チャーリー,キャット,チャーリー,チャーリー,,シー,ラテン文字,小文字,キャット,,,
8284,2364,ｄ,デルタ,ダイ,デルタ,デルタ,,ディー,ラテン文字,小文字,デスク,,,
8285,2365,ｅ,エコー,イート,エコー,エコー,,イー,ラテン文字,小文字,エッグ,,＊＊,ロシア文字と同じ読み
8286,2366,ｆ,フォックスロット,ファイン,フォックスロット,フォックストロット,,エフ,ラテン文字,小文字,フレンド,,＊＊,ロシア文字と同じ読み
8287,2367,ｇ,ゴルフ,グッド,ゴルフ,ゴルフ,,ジー,ラテン文字,小文字,ゴルフ,,,
8288,2368,ｈ,ホテル,ホーム,ホテル,ホテル,,エイチ,ラテン文字,小文字,ホテル,,,
8289,2369,ｉ,インディア,インデックス,インディア,インディア,,アイ,ラテン文字,小文字,インク,,,
828A,236A,ｊ,ジュリエット,ジャパン,ジュリエット,ジュリエット,,ジェイ,ラテン文字,小文字,ジャパン,,,
828B,236B,ｋ,キロ,カインド,キロー,キロー,,ケイ,ラテン文字,小文字,キッチン,,,
828C,236C,ｌ,リマ,ラム,リマ,リマ,,エル,ラテン文字,小文字,ラブ,,＊＊,ロシア文字と同じ読み
828D,236D,ｍ,マイク,マックス,マイク,マイク,,エム,ラテン文字,小文字,マイク,,＊＊,ロシア文字と同じ読み
828E,236E,ｎ,ノベンバー,ノット,ノベンバー,ノベンバー,,エヌ,ラテン文字,小文字,ノベンバー,,＊＊,ロシア文字と同じ読み
828F,236F,ｏ,オスカ,オープン,オスカ,オスカー,,オー,ラテン文字,小文字,オープン,,＊＊,ロシア文字と同じ読み
8290,2370,ｐ,パパ,ピンク,パパ,パパ,,ピー,ラテン文字,小文字,パパ,,,
8291,2371,ｑ,ケベック,クワイアット,ケベック,ケベック,,キュー,ラテン文字,小文字,クエスチョン,,,
8292,2372,ｒ,ロミオ,ライド,ロミオ,ロミオ,,アール,ラテン文字,小文字,ルーム,,,
8293,2373,ｓ,シアラ,ソフト,シアラ,シアラ,,エス,ラテン文字,小文字,スポーツ,,＊＊,ロシア文字と同じ読み
8294,2374,ｔ,タンゴ,タイム,タンゴ,タンゴ,,ティー,ラテン文字,小文字,タイム,,,
8295,2375,ｕ,ユニフォーム,ユースフル,ユニフォーム,ユニフォーム,,ユー,ラテン文字,小文字,ユージュアリー,,＊＊,ロシア文字と同じ読み
8296,2376,ｖ,ビクタ,ヴィクトリー,ビクタ,ビクタ,,ブイ,ラテン文字,小文字,ビデオ,,,
8297,2377,ｗ,ウィスキー,ウーマン,ウィスキー,ウィスキー,,ダブリュー,ラテン文字,小文字,ウィンドウ,,,
8298,2378,ｘ,エクスレイ,ゼロックス,エクスレイ,エックスレイ,,エックス,ラテン文字,小文字,エックスセン,,,
8299,2379,ｙ,ヤンキー,イエロー,ヤンキ,ヤンキー,,ワイ,ラテン文字,小文字,ヤング,,,
829A,237A,ｚ,ズル,ゼブラ,ズル,ズール,,ゼット,ラテン文字,小文字,ズー,,,
829F,2421,ぁ,チイサイア,チイサイアサヒ,チイサイア,チイサイア,,チイサイア,平仮名,,チイサイアサヒノア,,,
82A0,2422,あ,アサヒノア,（ひらがな省略）アサヒ,アサヒノア,アサヒノア,,ア,平仮名,,アサヒノア,,,
82A1,2423,ぃ,チイサイイ,チイサイイロハ,チイサイイ,チイサイイ,,チイサイイ,平仮名,,チイサイイチゴノイ,,,
82A2,2424,い,イロハノイ,イロハ,イロハノイ,イロハノイ,,イ,平仮名,,イチゴノイ,,＊＊,ゐ、ヰと同じ読み
82A3,2425,ぅ,チイサイウ,チイサイウサギ,チイサイウ,チイサイウ,,チイサイウ,平仮名,,チイサイウサギノウ,,,
82A4,2426,う,ウエノノウ,ウサギ,ウエノノウ,ウエノノウ,,ウ,平仮名,,ウサギノウ,,,
82A5,2427,ぇ,チイサイエ,チイサイエド,チイサイエ,チイサイエ,,チイサイエ,平仮名,,チイサイエイゴノエ,,,
82A6,2428,え,エイゴノエ,エド,エイゴノエ,エイゴノエ,,エ,平仮名,,エイゴノエ,,＊＊,ゑ、ヱと同じ読み
82A7,2429,ぉ,チイサイオ,チイサイオオサカ,チイサイオ,チイサイオ,,チイサイオ,平仮名,,チイサイオオサカノオ,,,
82A8,242A,お,オオサカノオ,オオサカ,オオサカノオ,オオサカノオ,,オ,平仮名,,オオサカノオ,,＊＊,を、ヲと同じ読み
82A9,242B,か,カワセノカ,カメラ,カワセノカ,カワセノカ,,カ,平仮名,,カゾクノカ,,,
82AA,242C,が,ガッコウノガ,ガッコウ,ガッコウノガ,ガッコウノガ,,ガ,平仮名,,ガッコウノガ,,,
82AB,242D,き,キッテノキ,キツネ,キッテノキ,キッテノキ,,キ,平仮名,,キッテノキ,,,
82AC,242E,ぎ,ギリシャノギ,ギンコウ,ギリシャノギ,ギターノギ,,ギ,平仮名,,ギンコウノギ,,,
82AD,242F,く,クラブノク,クイ,クラブノク,クラブノク,,ク,平仮名,,クスリノク,,,
82AE,2430,ぐ,グランドノグ,グンマ,グランドノグ,グンジョウノグ,,グ,平仮名,,グランドノグ,,,
82AF,2431,け,ケシキノケ,ケーキ,ケシキノケ,ケシキノケ,,ケ,平仮名,,ケシキノケ,,,
82B0,2432,げ,ゲームノゲ,ゲンキン,ゲームノゲ,ゲンキノゲ,,ゲ,平仮名,,ゲームノゲ,,,
82B1,2433,こ,コドモノコ,コグマ,コドモノコ,コドモノコ,,コ,平仮名,,コドモノコ,,,
82B2,2434,ご,ゴリラノゴ,ゴハン,ゴリラノゴ,ゴマノゴ,,ゴ,平仮名,,ゴリラノゴ,,＊＊,５と同じ読み
82B3,2435,さ,サクラノサ,サカナ,サクラノサ,サクラノサ,,サ,平仮名,,サクラノサ,,,
82B4,2436,ざ,ザブトンノザ,ザーサイ,ザブトンノザ,ザッシノザ,,ザ,平仮名,,ザブトンノザ,,,
82B5,2437,し,シンブンノシ,シケン,シンブンノシ,シンブンノシ,,シ,平仮名,,シンブンノシ,,,
82B6,2438,じ,シジミノジ,ジシン,シジミノジ,ジカンノジ,,ジ,平仮名,,ジカンノジ,,,
82B7,2439,す,スズメノス,スパイ,スズメノス,スズメノス,,ス,平仮名,,スズメノス,,,
82B8,243A,ず,ズボンノズ,ズボン,ズボンノズ,ズコウノズ,,ズ,平仮名,,ズボンノズ,,,
82B9,243B,せ,セカイノセ,センタクキ,セカイノセ,セカイノセ,,セ,平仮名,,セカイノセ,,,
82BA,243C,ぜ,ゼイカンノゼ,ゼイキン,ゼイカンノゼ,ゼンアクノゼ,,ゼ,平仮名,,ゼンブノゼ,,,
82BB,243D,そ,ソロバンノソ,ソバ,ソロバンノソ,ソロバンノソ,,ソ,平仮名,,ソロバンノソ,,,
82BC,243E,ぞ,ゾウキンノゾ,ゾウ,ゾウキンノゾ,ゾクゴノゾ,,ゾ,平仮名,,ゾウキンノゾ,,,
82BD,243F,た,タバコノタ,タマゴ,タバコノタ,タバコノタ,,タ,平仮名,,タバコノタ,,,
82BE,2440,だ,ダルマノダ,ダンゴ,ダルマノダ,ダルマノダ,,ダ,平仮名,,ダルマノダ,,,
82BF,2441,ち,チドリノチ,チジン,チドリノチ,チドリノチ,,チ,平仮名,,チキュウノチ,,,
82C0,2442,ぢ,ハナヂノヂ,ロウ？,ハナヂノヂ,チドリノチニダクテン,,ヂ,平仮名,,ハナヂノヂ,,,
82C1,2443,っ,チイサイツ,チイサイツバメ,チイサイツ,チイサイツ,,チイサイツ,平仮名,,ツバメノツ,,,
82C2,2444,つ,ツバメノツ,ツバメ,ツバメノツ,ツルカメノツ,,ツ,平仮名,,チイサイツバメノツ,,,
82C3,2445,づ,ツヅミノヅ,ツニダクテン,ツヅミノヅ,ツルカメノツニダクテン,,ヅ,平仮名,,ツヅミノヅ,,,
82C4,2446,て,テガミノテ,テガミ,テガミノテ,テガミノテ,,テ,平仮名,,テガミノテ,,,
82C5,2447,で,デンワノデ,デンワ,デンワノデ,デンワノデ,,デ,平仮名,,デンワノデ,,,
82C6,2448,と,トウキョウノト,トダナ,トウキョウノト,トウキョウノト,,ト,平仮名,,トウキョウノト,,,
82C7,2449,ど,ドレミノド,ドア,ドレミノド,ドレミノド,,ド,平仮名,,ドレミノド,,＊＊,角度の「°」と同じ読み
82C8,244A,な,ナゴヤノナ,ナットウ,ナゴヤノナ,ナゴヤノナ,,ナ,平仮名,,ナマエノナ,,,
82C9,244B,に,ニホンノニ,ニンジン,ニホンノニ,ニホンノニ,,ニ,平仮名,,ニホンノニ,,＊＊,２と同じ読み
82CA,244C,ぬ,ヌリエノヌ,ヌイモノ,ヌリエノヌ,ヌマズノヌ,,ヌ,平仮名,,ヌリエノヌ,,,
82CB,244D,ね,ネズミノネ,ネズミ,ネズミノネ,ネズミノネ,,ネ,平仮名,,ネズミノネ,,,
82CC,244E,の,ノハラノノ,ノハラ,ノハラノノ,ノハラノノ,,ノ,平仮名,,ノハラノノ,,,
82CD,244F,は,ハガキノハ,ハッパ,ハガキノハ,ハガキノハ,,ハ,平仮名,,ハガキノハ,,,
82CE,2450,ば,バナナノバ,バイキン,バナナノバ,バレーノバ,,バ,平仮名,,バナナノバ,,,
82CF,2451,ぱ,パンダノパ,パンダ,パンダノパ,パソコンノパ,,パ,平仮名,,パジャマノパ,,,
82D0,2452,ひ,ヒカリノヒ,ヒトデ,ヒカリノヒ,ヒコウキノヒ,,ヒ,平仮名,,ヒカリノヒ,,,
82D1,2453,び,ビールノビ,ビール,ビールノビ,ビーズノビ,,ビ,平仮名,,ビールノビ,,,
82D2,2454,ぴ,ピアノノピ,ピーマン,ピアノノピ,ピアノノピ,,ピ,平仮名,,ピアノノピ,,,
82D3,2455,ふ,フトンノフ,フネ,フトンノフ,フジサンノフ,,フ,平仮名,,フトンノフ,,,
82D4,2456,ぶ,ブランコノブ,ブタ,ブランコノブ,ブラジルノブ,,ブ,平仮名,,ブランコノブ,,,
82D5,2457,ぷ,プリントノプ,プール,プリントノプ,プールノプ,,プ,平仮名,,プリントノプ,,,
82D6,2458,へ,ヘイワノヘ,ヘチマ,ヘイワノヘ,ヘイワノヘ,,ヘ,平仮名,,ヘイワノヘ,,,
82D7,2459,べ,ベルトノベ,ベトナム,ベルトノベ,ベンチノベ,,ベ,平仮名,,ベルトノベ,,,
82D8,245A,ぺ,ペットノペ,ペンキ,ペットノペ,ペットノペ,,ペ,平仮名,,ペットノペ,,,
82D9,245B,ほ,ホケンノホ,ホタル,ホケンノホ,ホケンノホ,,ホ,平仮名,,ホケンノホ,,,
82DA,245C,ぼ,ボタンノボ,ボール,ボタンノボ,ボタンノボ,,ボ,平仮名,,ボタンノボ,,,
82DB,245D,ぽ,ポストノポ,ポット,ポストノポ,ポストノポ,,ポ,平仮名,,ポストノポ,,,
82DC,245E,ま,マッチノマ,マナイタ,マッチノマ,マッチノマ,,マ,平仮名,,マッチノマ,,,
82DD,245F,み,ミカンノミ,ミカン,ミカンノミ,ミカンノミ,,ミ,平仮名,,ミカンノミ,,,
82DE,2460,む,ムセンノム,ムシバ,ムセンノム,ムセンノム,,ム,平仮名,,ムシノム,,,
82DF,2461,め,メイジノメ,メガネ,メイジノメ,メイジノメ,,メ,平仮名,,メガネノメ,,,
82E0,2462,も,モミジノモ,モモンガ,モミジノモ,モミジノモ,,モ,平仮名,,モミジノモ,,,
82E1,2463,ゃ,チイサイヤ,チイサイヤ,チイサイヤ,チイサイヤ,,チイサイヤ,平仮名,,チイサイヤカンノヤ,,,
82E2,2464,や,ヤマトノヤ,ヤキイモ,ヤマトノヤ,ヤマトノヤ,,ヤ,平仮名,,ヤカンノヤ,,,
82E3,2465,ゅ,チイサイユ,チイサイユリ,チイサイユ,チイサイユ,,チイサイユ,平仮名,,チイサイユカタノユ,,,
82E4,2466,ゆ,ユミヤノユ,ユリ,ユミヤノユ,ユミヤノユ,,ユ,平仮名,,ユカタノユ,,,
82E5,2467,ょ,チイサイヨ,チイサイヨット,チイサイヨ,チイサイヨ,,チイサイヨ,平仮名,,チイサイヨットノヨ,,,
82E6,2468,よ,ヨシノノヨ,ヨット,ヨシノノヨ,ヨシノノヨ,,ヨ,平仮名,,ヨットノヨ,,,
82E7,2469,ら,ラジオノラ,ラジオ,ラジオノラ,ラジオノラ,,ラ,平仮名,,ラジオノラ,,,
82E8,246A,り,リンゴノリ,リス,リンゴノリ,リンゴノリ,,リ,平仮名,,リンゴノリ,,,
82E9,246B,る,ルスバンノル,ルビー,ルスバンノル,ルスイノル,,ル,平仮名,,ルスバンノル,,,
82EA,246C,れ,レモンノレ,レキシ,レモンノレ,レンゲノレ,,レ,平仮名,,レモンノレ,,,
82EB,246D,ろ,ローマノロ,ロンドン,ローマノロ,ローマノロ,,ロ,平仮名,,ロウカノロ,,,
82EC,246E,ゎ,チイサイワ,チイサイワイン,チイサイワ,チイサイワ,,チイサイワ,平仮名,,チイサイワカメノワ,,,
82ED,246F,わ,ワラビノワ,ワイン,ワラビノワ,ワラビノワ,,ワ,平仮名,,ワカメノワ,,,
82EE,2470,ゐ,ムカシノイ,ワギョウノイ,ムカシノイ,イドノイ,,イ,平仮名,,ムカシノイ,,＊＊,い、と同じ読み
82EF,2471,ゑ,ムカシノエ,ワギョウノエ,ムカシノエ,カギノアルエ,,エ,平仮名,,ムカシノエ,,＊＊,え、と同じ読み
82F0,2472,を,ヲワリノヲ,ワギョウノヲ,ヲワリノヲ,ヲワリノヲ,,オ,平仮名,,ヲワリノヲ,,＊＊,お、と同じ読み
82F1,2473,ん,オシマイノン,オワリノン,オシマイノン,オシマイノン,,ン,平仮名,,オシマイノン,,,
8340,2521,ァ,チイサイア,チイサイアサヒ,チイサイア,,,チイサイア,片仮名,,チイサイアサヒノア,,,
8341,2522,ア,アサヒノア,アサヒ,アサヒノア,,,ア,片仮名,,アサヒノア,,,
8342,2523,ィ,チイサイイ,チイサイイロハ,チイサイイ,,,チイサイイ,片仮名,,チイサイイチゴノイ,,,
8343,2524,イ,イロハノイ,イロハ,イロハノイ,,,イ,片仮名,,イチゴノイ,,＊＊,ゐ、ヰと同じ読み
8344,2525,ゥ,チイサイウ,チイサイウサギ,チイサイウ,,,チイサイウ,片仮名,,チイサイウサギノウ,,,
8345,2526,ウ,ウエノノウ,ウサギ,ウエノノウ,,,ウ,片仮名,,ウサギノウ,,,
8346,2527,ェ,チイサイエ,チイサイエド,チイサイエ,,,チイサイエ,片仮名,,チイサイエイゴノエ,,,
8347,2528,エ,エイゴノエ,エド,エイゴノエ,,,エ,片仮名,,エイゴノエ,,＊＊,ゑ、ヱと同じ読み
8348,2529,ォ,チイサイオ,チイサイオオサカ,チイサイオ,,,チイサイオ,片仮名,,チイサイオオサカノオ,,,
8349,252A,オ,オオサカノオ,オオサカ,オオサカノオ,,,オ,片仮名,,オオサカノオ,,＊＊,を、ヲと同じ読み
834A,252B,カ,カワセノカ,カメラ,カワセノカ,,,カ,片仮名,,カゾクノカ,,,
834B,252C,ガ,ガッコウノガ,ガッコウ,ガッコウノガ,ガッコウノガ,,ガ,片仮名,,ガッコウノガ,,,
834C,252D,キ,キッテノキ,カメラ,キッテノキ,,,キ,片仮名,,キッテノキ,,,
834D,252E,ギ,ギリシャノギ,ギンコウ,ギリシャノギ,ギターノギ,,ギ,片仮名,,ギンコウノギ,,,
834E,252F,ク,クラブノク,クリ,クラブノク,,,ク,片仮名,,クスリノク,,,
834F,2530,グ,グランドノグ,グンマ,グランドノグ,グンジョウノグ,,グ,片仮名,,グランドノグ,,,
8350,2531,ケ,ケシキノケ,ケーキ,ケシキノケ,,,ケ,片仮名,,ケシキノケ,,,
8351,2532,ゲ,ゲームノゲ,ゲンキン,ゲームノゲ,ゲンキノゲ,,ゲ,片仮名,,ゲームノゲ,,,
8352,2533,コ,コドモノコ,コグマ,コドモノコ,,,コ,片仮名,,コドモノコ,,,
8353,2534,ゴ,ゴリラノゴ,ゴハン,ゴリラノゴ,ゴマノゴ,,ゴ,片仮名,,ゴリラノゴ,,＊＊,５と同じ読み
8354,2535,サ,サクラノサ,サカナ,サクラノサ,,,サ,片仮名,,サクラノサ,,,
8355,2536,ザ,ザブトンノザ,ザーサイ,ザブトンノザ,ザッシノザ,,ザ,片仮名,,ザブトンノザ,,,
8356,2537,シ,シンブンノシ,シケン,シンブンノシ,,,シ,片仮名,,シンブンノシ,,,
8357,2538,ジ,シジミノジ,ジシン,シジミノジ,ジカンノジ,,ジ,片仮名,,ジカンノジ,,,
8358,2539,ス,スズメノス,スパイ,スズメノス,,,ス,片仮名,,スズメノス,,,
8359,253A,ズ,ズボンノズ,ズボン,ズボンノズ,ズコウノズ,,ズ,片仮名,,ズボンノズ,,,
835A,253B,セ,セカイノセ,センタクキ,セカイノセ,,,セ,片仮名,,セカイノセ,,,
835B,253C,ゼ,ゼイカンノゼ,ゼイキン,ゼイカンノゼ,ゼンアクノゼ,,ゼ,片仮名,,ゼンブノゼ,,,
835C,253D,ソ,ソロバンノソ,ソバ,ソロバンノソ,,,ソ,片仮名,,ソロバンノソ,,,
835D,253E,ゾ,ゾウキンノゾ,ゾウ,ゾーキンノゾ,ゾクゴノゾ,,ゾ,片仮名,,ゾウキンノゾ,,,
835E,253F,タ,タバコノタ,タバコ,タバコノタ,,,タ,片仮名,,タバコノタ,,,
835F,2540,ダ,ダルマノダ,ダンゴ,ダルマノダ,ダルマノダ,,ダ,片仮名,,ダルマノダ,,,
8360,2541,チ,チドリノチ,チチブ,チドリノチ,,,チ,片仮名,,チキュウノチ,,,
8361,2542,ヂ,ハナヂノヂ,ロウ？,ハナヂノヂ,チドリノチニダクテン,,ヂ,片仮名,,ハナヂノヂ,,,
8362,2543,ッ,チイサイツ,チイサイツバメ,チイサイツ,,,チイサイツ,片仮名,,チイサイツバメノツ,,,
8363,2544,ツ,ツバメノツ,ツバメ,ツバメノツ,,,ツ,片仮名,,ツバメノツ,,,
8364,2545,ヅ,ツヅミノヅ,ツニダクテン,ツヅミノヅ,ツルカメノツニダクテン,,ヅ,片仮名,,ツヅミノヅ,,,
8365,2546,テ,テガミノテ,テガミ,テガミノテ,,,テ,片仮名,,テガミノテ,,,
8366,2547,デ,デンワノデ,デンワ,デンワノデ,デンワノデ,,デ,片仮名,,デンワノデ,,,
8367,2548,ト,トウキョウノト,トダナ,トウキョウノト,,,ト,片仮名,,トウキョウノト,,,
8368,2549,ド,ドレミノド,ドア,ドレミノド,ドレミノド,,ド,片仮名,,ドレミノド,,＊＊,角度の「°」と同じ読み
8369,254A,ナ,ナゴヤノナ,ナットウ,ナゴヤノナ,,,ナ,片仮名,,ナマエノナ,,,
836A,254B,ニ,ニホンノニ,ニンジン,ニホンノニ,,,ニ,片仮名,,ニホンノニ,,＊＊,２と同じ読み
836B,254C,ヌ,ヌリエノヌ,ヌイモノ,ヌリエノヌ,,,ヌ,片仮名,,ヌリエノヌ,,,
836C,254D,ネ,ネズミノネ,ネズミ,ネズミノネ,,,ネ,片仮名,,ネズミノネ,,,
836D,254E,ノ,ノハラノノ,ノハラ,ノハラノノ,,,ノ,片仮名,,ノハラノノ,,,
836E,254F,ハ,ハガキノハ,ハッパ,ハガキノハ,,,ハ,片仮名,,ハガキノハ,,,
836F,2550,バ,バナナノバ,バイキン,バナナノバ,バレーノバ,,バ,片仮名,,バナナノバ,,,
8370,2551,パ,パンダノパ,パンダ,パンダノパ,パソコンノパ,,パ,片仮名,,パジャマノパ,,,
8371,2552,ヒ,ヒカリノヒ,ヒトデ,ヒカリノヒ,,,ヒ,片仮名,,ヒカリノヒ,,,
8372,2553,ビ,ビールノビ,ビール,ビールノビ,ビーズノビ,,ビ,片仮名,,ビールノビ,,,
8373,2554,ピ,ピアノノピ,ピーマン,ピアノノピ,ピアノノピ,,ピ,片仮名,,ピアノノピ,,,
8374,2555,フ,フトンノフ,フネ,フトンノフ,,,フ,片仮名,,フトンノフ,,,
8375,2556,ブ,ブランコノブ,ブタ,ブランコノブ,ブラジルノブ,,ブ,片仮名,,ブランコノブ,,,
8376,2557,プ,プリントノプ,プール,プリントノプ,プールノプ,,プ,片仮名,,プリントノプ,,,
8377,2558,ヘ,ヘイワノヘ,ヘチマ,ヘイワノヘ,,,ヘ,片仮名,,ヘイワノヘ,,,
8378,2559,ベ,ベルトノベ,ベトナム,ベルトノベ,ベンチノベ,,ベ,片仮名,,ベルトノベ,,,
8379,255A,ペ,ペットノペ,ペンキ,ペットノペ,ペットノペ,,ペ,片仮名,,ペットノペ,,,
837A,255B,ホ,ホケンノホ,ホタル,ホケンノホ,,,ホ,片仮名,,ホケンノホ,,,
837B,255C,ボ,ボタンノボ,ボール,ボタンノボ,ボタンノボ,,ボ,片仮名,,ボタンノボ,,,
837C,255D,ポ,ポストノポ,ポット,ポストノポ,ポストノポ,,ポ,片仮名,,ポストノポ,,,
837D,255E,マ,マッチノマ,マナイタ,マッチノマ,,,マ,片仮名,,マッチノマ,,,
837E,255F,ミ,ミカンノミ,ミカン,ミカンノミ,,,ミ,片仮名,,ミカンノミ,,,
8380,2560,ム,ムセンノム,ムシバ,ムセンノム,,,ム,片仮名,,ムシノム,,,
8381,2561,メ,メイジノメ,メガネ,メイジノメ,,,メ,片仮名,,メガネノメ,,,
8382,2562,モ,モミジノモ,モモンガ,モミジノモ,,,モ,片仮名,,モミジノモ,,,
8383,2563,ャ,チイサイヤ,チイサイヤキイモ,チイサイヤ,,,チイサイヤ,片仮名,,チイサイヤカンノヤ,,,
8384,2564,ヤ,ヤマトノヤ,ヤキイモ,ヤマトノヤ,,,ヤ,片仮名,,ヤカンノヤ,,,
8385,2565,ュ,チサイユ,チイサイユミ,チサイユ,,,チイサイユ,片仮名,,チイサイユカタノユ,,,
8386,2566,ユ,ユミヤノユ,ユミ,ユミヤノユ,,,ユ,片仮名,,ユカタノユ,,,
8387,2567,ョ,チイサイヨ,チイサイヨット,チイサイヨ,,,チイサイヨ,片仮名,,チイサイヨットノヨ,,,
8388,2568,ヨ,ヨシノノヨ,ヨット,ヨシノノヨ,,,ヨ,片仮名,,ヨットノヨ,,,
8389,2569,ラ,ラジオノラ,ラジオ,ラジオノラ,,,ラ,片仮名,,ラジオノラ,,,
838A,256A,リ,リンゴノリ,リス,リンゴノリ,,,リ,片仮名,,リンゴノリ,,,
838B,256B,ル,ルスバンノル,ルビー,ルスバンノル,,,ル,片仮名,,ルスバンノル,,,
838C,256C,レ,レモンノレ,レキシ,レモンノレ,,,レ,片仮名,,レモンノレ,,,
838D,256D,ロ,ローマノロ,ロンドン,ローマノロ,,,ロ,片仮名,,ロウカノロ,,,
838E,256E,ヮ,チイサイワ,チイサイワイン,チイサイワ,チイサイワ,,チイサイワ,片仮名,,チイサイワカメノワ,,,
838F,256F,ワ,ワラビノワ,ワイン,ワラビノワ,,,ワ,片仮名,,ワカメノワ,,,
8390,2570,ヰ,ムカシノイ,ワギョウノイ,ムカシノイ,,,イ,片仮名,,ムカシノイ,,＊＊,イ、と同じ読み
8391,2571,ヱ,ムカシノエ,ワギョウノエ,ムカシノエ,,,エ,片仮名,,ムカシノエ,,＊＊,エ、と同じ読み
8392,2572,ヲ,オワリノオ,ワギョウノオ,オワリノオ,,,オ,片仮名,,オワリノオ,,＊＊,オ、と同じ読み
8393,2573,ン,オシマイノン,オワリノン,オシマイノン,,,ン,片仮名,,オシマイノン,,,
8394,2574,ヴ,ウエノノウニダクテン,ヴァイオリン,ウエノノウニダクテン,,,ヴ,片仮名,,ウサギノウニダクテン,,,
8395,2575,ヵ,チイサイカ,チイサイカメラ,チイサイカ,,,チイサイカ,片仮名,,チイサイカゾクノカ,,,
8396,2576,ヶ,チイサイケ,チイサイケーキ,チイサイケ,,,チイサイケ,片仮名,,チイサイケシキノケ,,,
839F,2621,Α,アルファ,アルファ,アルファ,アルファ,,アルファ,ギリシャ文字,大文字,,,,
83A0,2622,Β,ベーター,ベータ,ベーター,ベータ,,ベータ,ギリシャ文字,大文字,,,,
83A1,2623,Γ,ガンマ,ガンマ,ガンマ,ガンマ,,ガンマ,ギリシャ文字,大文字,,,,
83A2,2624,Δ,デルタ,デルタ,デルタ,デルタ,,デルタ,ギリシャ文字,大文字,,,,
83A3,2625,Ε,イプシロン,イプシロン,エフシールン,イプシロン,,イプシロン,ギリシャ文字,大文字,,,,
83A4,2626,Ζ,ゼーター,ゼータ,ゼータ,ゼータ,,ゼータ,ギリシャ文字,大文字,,,,
83A5,2627,Η,イーター,イータ,エータ,イータ,,イータ,ギリシャ文字,大文字,,,,
83A6,2628,Θ,シーター,シータ,セータ,シータ,,シータ,ギリシャ文字,大文字,,,,
83A7,2629,Ι,イオータ,イオータ,イォータ,イォータ,,イオタ,ギリシャ文字,大文字,,,,
83A8,262A,Κ,カッパー,カッパ,カッパ,カッパ,,カッパ,ギリシャ文字,大文字,,,,
83A9,262B,Λ,ラムダ,ラムダ,ラムダ,ラムダ,,ラムダ,ギリシャ文字,大文字,,,,
83AA,262C,Μ,ミュー,ミュー,ミュー,ミュー,,ミュー,ギリシャ文字,大文字,,,,
83AB,262D,Ν,ニュー,ニュー,ニュー,ニュー,,ニュー,ギリシャ文字,大文字,,,,
83AC,262E,Ξ,グサイ,グサイ,クシー,クシー,,グザイ,ギリシャ文字,大文字,,,,
83AD,262F,Ο,オミクロン,オミクロン,オミークロン,オミクロン,,オミクロン,ギリシャ文字,大文字,,,,
83AE,2630,Π,パイ,パイ,パイ,パイ,,パイ,ギリシャ文字,大文字,,,,
83AF,2631,Ρ,ロー,ロー,ロー,ロー,,ロー,ギリシャ文字,大文字,,,,
83B0,2632,Σ,シグマ,シグマ,シグマ,シグマ,,シグマ,ギリシャ文字,大文字,,,,
83B1,2633,Τ,タウ,タウ,タウ,タウ,,タウ,ギリシャ文字,大文字,,,,
83B2,2634,Υ,ウプシロン,ウプシロン,ウプシロン,ウプシロン,,ウプシロン,ギリシャ文字,大文字,,,,
83B3,2635,Φ,ファイ,ファイ,ファイ,フェー,,ファイ,ギリシャ文字,大文字,,,,
83B4,2636,Χ,カイ,カイ,カイ,キー,,カイ,ギリシャ文字,大文字,,,,
83B5,2637,Ψ,プサイ,プサイ,プサイ,プシー,,プサイ,ギリシャ文字,大文字,,,,
83B6,2638,Ω,オメガ,オメガ,オメガ,オメガ,,オメガ,ギリシャ文字,大文字,,,,
83BF,2641,α,アルファ,アルファ,アルファ,アルファ,,アルファ,ギリシャ文字,小文字,,,,
83C0,2642,β,ベーター,ベータ,ベーター,ベータ,,ベータ,ギリシャ文字,小文字,,,,
83C1,2643,γ,ガンマ,ガンマ,ガンマ,ガンマ,,ガンマ,ギリシャ文字,小文字,,,,
83C2,2644,δ,デルタ,デルタ,デルタ,デルタ,,デルタ,ギリシャ文字,小文字,,,,
83C3,2645,ε,イプシロン,イプシロン,エフシールン,イプシロン,,イプシロン,ギリシャ文字,小文字,,,,
83C4,2646,ζ,ゼーター,ゼータ,ゼータ,ゼータ,,ゼータ,ギリシャ文字,小文字,,,,
83C5,2647,η,イーター,イータ,エータ,イータ,,イータ,ギリシャ文字,小文字,,,,
83C6,2648,θ,シーター,シータ,セータ,シータ,,シータ,ギリシャ文字,小文字,,,,
83C7,2649,ι,イオータ,イオータ,イォータ,イォータ,,イオタ,ギリシャ文字,小文字,,,,
83C8,264A,κ,カッパー,カッパ,カッパ,カッパ,,カッパ,ギリシャ文字,小文字,,,,
83C9,264B,λ,ラムダ,ラムダ,ラムダ,ラムダ,,ラムダ,ギリシャ文字,小文字,,,,
83CA,264C,μ,ミュー,ミュー,ミュー,ミュー,,ミュー,ギリシャ文字,小文字,,,,
83CB,264D,ν,ニュー,ニュー,ニュー,ニュー,,ニュー,ギリシャ文字,小文字,,,,
83CC,264E,ξ,グサイ,グサイ,クシー,クシー,,グザイ,ギリシャ文字,小文字,,,,
83CD,264F,ο,オミクロン,オミクロン,オミークロン,オミクロン,,オミクロン,ギリシャ文字,小文字,,,,
83CE,2650,π,パイ,パイ,パイ,パイ,,パイ,ギリシャ文字,小文字,,,,
83CF,2651,ρ,ロー,ロー,ロー,ロー,,ロー,ギリシャ文字,小文字,,,,
83D0,2652,σ,シグマ,シグマ,シグマ,シグマ,,シグマ,ギリシャ文字,小文字,,,,
83D1,2653,τ,タウ,タウ,タウ,タウ,,タウ,ギリシャ文字,小文字,,,,
83D2,2654,υ,ウプシロン,ウプシロン,ウプシロン,ウプシロン,,ウプシロン,ギリシャ文字,小文字,,,,
83D3,2655,φ,ファイ,ファイ,ファイ,フェー,,ファイ,ギリシャ文字,小文字,,,,
83D4,2656,χ,カイ,カイ,カイ,キー,,カイ,ギリシャ文字,小文字,,,,
83D5,2657,ψ,プサイ,プサイ,プサイ,プシー,,プサイ,ギリシャ文字,小文字,,,,
83D6,2658,ω,オメガ,オメガ,オメガ,オメガ,,オメガ,ギリシャ文字,小文字,,,,
8440,2721,А,アー,アー,ロシアノアー,アー,,アー,キリル文字,大文字,,,,
8441,2722,Б,ベー,ベー,ロシアノベー,ベー,,ベー,キリル文字,大文字,,,,
8442,2723,В,リエー,ウェー,ロシアノブェー,ブェー,,ヴェー,キリル文字,大文字,,,,
8443,2724,Г,ゲー,ゲー,ロシアノゲー,ゲー,,ゲー,キリル文字,大文字,,,,
8444,2725,Д,デー,デー,ロシアノデー,デー,,デー,キリル文字,大文字,,,,
8445,2726,Е,イエー,イエー,ロシアノイェー,イェー,,ィエー,キリル文字,大文字,,,,
8446,2727,Ё,ヨー,イヨー,ロシアノイョー,イョー,,ィヨー,キリル文字,大文字,,,,
8447,2728,Ж,ジェー,チェー,ロシアノジェー,ジェー,,ジェー,キリル文字,大文字,,,,
8448,2729,З,ゼー,ズー,ロシアノゼー,ゼー,,ゼー,キリル文字,大文字,,,,
8449,272A,И,イー,イー,ロシアノイー,イー,,イー,キリル文字,大文字,,,＊＊,英文字と同じ読み
844A,272B,Й,イークラトコエ,イークラトコエ,ロシアノイクラートカヤ,イクラートカヤ,,イークラトコエ,キリル文字,大文字,,,,
844B,272C,К,カー,カー,ロシアノカー,カー,,カー,キリル文字,大文字,,,,
844C,272D,Л,エル,エル,ロシアノエル,エル,,エル,キリル文字,大文字,,,＊＊,英文字、他のロシア文字と同じ読み
844D,272E,М,エム,エム,ロシアノエム,エム,,エム,キリル文字,大文字,,,＊＊,英文字と同じ読み
844E,272F,Н,エヌ,エヌ,ロシアノエヌ,エヌ,,エヌ,キリル文字,大文字,,,＊＊,英文字と同じ読み
844F,2730,О,オー,オー,ロシアノオー,オー,,オー,キリル文字,大文字,,,＊＊,英文字と同じ読み
8450,2731,П,ペー,ペー,ロシアゴノペー,ペー,,ペー,キリル文字,大文字,,,,
8451,2732,Р,エルアール,エル,ロシアゴノエル,エル,,エル,キリル文字,大文字,,,＊＊,英文字、他のロシア文字と同じ読み
8452,2733,С,エス,エス,ロシアゴノエス,エス,,エス,キリル文字,大文字,,,＊＊,英文字と同じ読み
8453,2734,Т,テー,テー,ロシアゴノテー,テー,,テー,キリル文字,大文字,,,,
8454,2735,У,ウー,ウー,ロシアゴノムー,ウー,,ウー,キリル文字,大文字,,,,
8455,2736,Ф,エフ,エフ,ロシアゴノエフ,エフ,,エフ,キリル文字,大文字,,,＊＊,英文字と同じ読み
8456,2737,Х,ハー,ハー,ロシアゴノパー,ハー,,ハー,キリル文字,大文字,,,,
8457,2738,Ц,ツェー,ツェー,ロシアノズェー,ツェー,,ツェー,キリル文字,大文字,,,,
8458,2739,Ч,チェー,チェー,ロシアノチェー,チェー,,チェー,キリル文字,大文字,,,,
8459,273A,Ш,シァー,シャー,ロシアノシャー,シャ,,シャー,キリル文字,大文字,,,,
845A,273B,Щ,チシャー,チシャー,ロシアノチシャー,チシャ,,シシャー,キリル文字,大文字,,,,
845B,273C,Ъ,イェル,イェル,ロビオールドイェル,ドビオールドイェル,,コウオンキゴウ,キリル文字,大文字,,,,
845C,273D,Ы,ウィ,ウィ,ロシアノウィ,ウィー,,ウィ,キリル文字,大文字,,,,
845D,273E,Ь,イェリ,イエリ,ロシアミアーフキーノイエリ,イエリニアーフキー,,ナンオンキゴウ,キリル文字,大文字,,,,
845E,273F,Э,エー,エー,ロシアノエー,エー,,エー,キリル文字,大文字,,,＊＊,英文字と同じ読み
845F,2740,Ю,ユー,ユー,ロシアノユー,ユー,,ユー,キリル文字,大文字,,,＊＊,英文字と同じ読み
8460,2741,Я,ラー,ヤー,ロシアノラー,ヤー,,ヤー,キリル文字,大文字,,,,
8470,2751,а,アー,アー,ロシアノアー,アー,,アー,キリル文字,小文字,,,,
8471,2752,б,ベー,ベー,ロシアノベー,ベー,,ベー,キリル文字,小文字,,,,
8472,2753,в,リエー,ウェー,ロシアノブェー,ブェー,,ヴェー,キリル文字,小文字,,,,
8473,2754,г,ゲー,ゲー,ロシアノゲー,ゲー,,ゲー,キリル文字,小文字,,,,
8474,2755,д,デー,デー,ロシアノデー,デー,,デー,キリル文字,小文字,,,,
8475,2756,е,イエー,イエー,ロシアノイェー,イェー,,ィエー,キリル文字,小文字,,,,
8476,2757,ё,ヨー,イヨー,ロシアノイョー,イョー,,ィヨー,キリル文字,小文字,,,,
8477,2758,ж,ジェー,チェー,ロシアノジェー,ジェー,,ジェー,キリル文字,小文字,,,,
8478,2759,з,ゼー,ズー,ロシアノゼー,ゼー,,ゼー,キリル文字,小文字,,,,
8479,275A,и,イー,イー,ロシアノイー,イー,,イー,キリル文字,小文字,,,＊＊,英文字と同じ読み
847A,275B,й,イークラトコエ,イークラトコエ,ロシアノイクラートカヤ,イクラートカヤ,,イークラトコエ,キリル文字,小文字,,,,
847B,275C,к,カー,カー,ロシアノカー,カー,,カー,キリル文字,小文字,,,,
847C,275D,л,エル,エル,ロシアノエル,エル,,エル,キリル文字,小文字,,,＊＊,英文字、他のロシア文字と同じ読み
847D,275E,м,エム,エム,ロシアノエム,エム,,エム,キリル文字,小文字,,,＊＊,英文字と同じ読み
847E,275F,н,エヌ,エヌ,ロシアノエヌ,エヌ,,エヌ,キリル文字,小文字,,,＊＊,英文字と同じ読み
8480,2760,о,オー,オー,ロシアノオー,オー,,オー,キリル文字,小文字,,,＊＊,英文字と同じ読み
8481,2761,п,ペー,ペー,ロシアゴノペー,ペー,,ペー,キリル文字,小文字,,,,
8482,2762,р,エルアール,エル,ロシアゴノエル,エル,,エル,キリル文字,小文字,,,＊＊,英文字、他のロシア文字と同じ読み
8483,2763,с,エス,エス,ロシアゴノエス,エス,,エス,キリル文字,小文字,,,＊＊,英文字と同じ読み
8484,2764,т,テー,テー,ロシアゴノテー,テー,,テー,キリル文字,小文字,,,,
8485,2765,у,ウー,ウー,ロシアゴノムー,ウー,,ウー,キリル文字,小文字,,,,
8486,2766,ф,エフ,エフ,ロシアゴノエフ,エフ,,エフ,キリル文字,小文字,,,＊＊,英文字と同じ読み
8487,2767,х,ハー,ハー,ロシアゴノパー,ハー,,ハー,キリル文字,小文字,,,,
8488,2768,ц,ツェー,ツェー,ロシアノズェー,ツェー,,ツェー,キリル文字,小文字,,,,
8489,2769,ч,チェー,チェー,ロシアノチェー,チェー,,チェー,キリル文字,小文字,,,,
848A,276A,ш,シァー,シャー,ロシアノシャー,シャ,,シャー,キリル文字,小文字,,,,
848B,276B,щ,チシャー,チシャー,ロシアノチシャー,チシャ,,シシャー,キリル文字,小文字,,,,
848C,276C,ъ,イェル,イェル,ロビオールドイェル,ドビオールドイェル,,コウオンキゴウ,キリル文字,小文字,,,,
848D,276D,ы,ウィ,ウィ,ロシアノウィ,ウィー,,ウィ,キリル文字,小文字,,,,
848E,276E,ь,イェリ,イエリ,ロシアミアーフキーノイエリ,イエリニアーフキー,,ナンオンキゴウ,キリル文字,小文字,,,,
848F,276F,э,エー,エー,ロシアノエー,エー,,エー,キリル文字,小文字,,,＊＊,英文字と同じ読み
8490,2770,ю,ユー,ユー,ロシアノユー,ユー,,ユー,キリル文字,小文字,,,＊＊,英文字と同じ読み
8491,2771,я,ラー,ヤー,ロシアノラー,ヤー,,ヤー,キリル文字,小文字,,,,
849F,2821,─,ヨコセン,ヨコホソ,ヨコセン,ケイセン,細線素片,ヨコセン,罫線,,,,,
84A0,2822,│,タテセン,タテホソ,タテセン,ケイセン,細線素片,タテセン,罫線,,,,＊＊,8162と同じ読み
84A1,2823,┌,ヒダリウエ,ミギホソシタホソ,ヒダリウエチョッカクセン,ミギホソシタホソ,細線素片,ヒダリウエ,罫線,,,,,
84A2,2824,┐,ミギウエ,ヒダホソシタホソ,ミギウエチョッカクセン,ヒダリホソシタホソ,細線素片,ミギウエ,罫線,,,,,
84A3,2825,┘,ミギシタ,ヒダホソウエホソ,ミギシタチョッカクセン,ヒダリホソウエホソ,細線素片,ミギシタ,罫線,,,,,
84A4,2826,└,ヒダリシタ,ミギホソウエホソ,ヒダリシタチョッカクセン,ミギホソウエホソ,細線素片,ヒダリシタ,罫線,,,,,
84A5,2827,├,タテセンミギ,ミギホソタテホソ,タテセンミギニヨコセン,ミギホソタテホソ,細線素片,タテセンミギ,罫線,,,,,
84A6,2828,┬,ヨコセンシタ,ヨコホソシタホソ,ヨコセンニシタタテセン,ヨコホソシタホソ,細線素片,ヨコセンシタ,罫線,,,,,
84A7,2829,┤,タテセンヒダリ,ヒダホソタテホソ,タテセンニヒダリヨコセン,ヒダリホソタテホソ,細線素片,タテセンヒダリ,罫線,,,,,
84A8,282A,┴,ヨコセンウエ,ヨコホソウエホソ,ヨコセンニウエタテセン,ヨコホソウエホソ,細線素片,ヨコセンウエ,罫線,,,,,
84A9,282B,┼,クロス,ヨコホソタテホソ,タテヨコクロス,ヨコホソタテホソ,細線素片,クロス,罫線,,,,,
84AA,282C,━,ヨコセンダイ,ヨコフト,フトヨコセン,ケイセン,太線素片,フトヨコセン,罫線,,,,,
84AB,282D,┃,タテセンダイ,タテフト,フトタテセン,ケイセン,太線素片,フトタテセン,罫線,,,,,
84AC,282E,┏,ヒダリウエダイ,ミギフトシタフト,フトヒダリウエチョッカクセン,ミギフトシタフト,太線素片,フトヒダリウエ,罫線,,,,,
84AD,282F,┓,ミギウエダイ,ヒダフトシタフト,フトミギウエチョッカクセン,ヒダリフトシタフト,太線素片,フトミギウエ,罫線,,,,,
84AE,2830,┛,ミギシタダイ,ヒダフトウエフト,フトミギシタチョッカクセン,ヒダリフトウエフト,太線素片,フトミギシタ,罫線,,,,,
84AF,2831,┗,ヒダリシタダイ,ミギフトウエフト,フトヒダリシタチョッカクセン,ミギフトウエフト,太線素片,フトヒダリシタ,罫線,,,,,
84B0,2832,┣,タテセンミギダイ,ミギフトタテフト,フトタテセンミギニヨコセン,ミギフトタテフト,太線素片,フトタテセンミギ,罫線,,,,,
84B1,2833,┳,ヨコセンシタダイ,ヨコフトシタフト,フトヨコセンニシタタテセン,ヨコフトシタフト,太線素片,フトヨコセンシタ,罫線,,,,,
84B2,2834,┫,タテセンヒダリダイ,ヒダフトタテフト,フトタテセンニヒダリヨコセン,ヒダリフトタテフト,太線素片,フトタテセンヒダリ,罫線,,,,,
84B3,2835,┻,ヨコセンウエダイ,ヨコフトウエフト,フトヨコセンニウエタテセン,ヨコフトウエフト,太線素片,フトヨコセンウエ,罫線,,,,,
84B4,2836,╋,クロスダイ,ヨコフトタテフト,フトタテヨコクロス,ヨコフトタテフト,太線素片,フトクロス,罫線,,,,,
84B5,2837,┠,タテセンミギクミ,ミギホソタテフト,フトタテセンニホソミギヨコセン,ミギホソタテフト,細線太線混在素片,フトタテセンホソミギ,罫線,,,,,
84B6,2838,┯,ヨコセンシタクミ,ヨコフトシタホソ,フトヨコセンニホソシタタテセン,ヨコフトシタホソ,細線太線混在素片,フトヨコセンホソシタ,罫線,,,,,
84B7,2839,┨,タテセンヒダリクミ,ヒダホソタテフト,フトタテセンニホソヒダリヨコセン,ヒダリホソタテフト,細線太線混在素片,フトタテセンホソヒダリ,罫線,,,,,
84B8,283A,┷,ヨコセンウエクミ,ヨコフトウエホソ,フトヨコセンニホソウエタテセン,ヨコフトウエホソ,細線太線混在素片,フトヨコセンホソウエ,罫線,,,,,
84B9,283B,┿,クロスクミ,ヨコフトタテホソ,ホソタテフトヨコクロス,ヨコフトタテホソ,細線太線混在素片,フトヨコセンクロス,罫線,,,,,
84BA,283C,┝,タテセンミギクミ,ミギフトタテホソ,ホソタテセンニフトミギヨコセン,ミギフトタテホソ,細線太線混在素片,タテセンフトミギ,罫線,,,,,
84BB,283D,┰,ヨコセンシタクミ,ヨコホソシタフト,ホソヨコセンニフトシタタテセン,ヨコホソシタフト,細線太線混在素片,ヨコセンフトシタ,罫線,,,,,
84BC,283E,┥,タテセンヒダリクミ,ヒダフトタテホソ,ホソタテセンニフトヒダリヨコセン,ヒダリフトタテホソ,細線太線混在素片,タテセンフトヒダリ,罫線,,,,,
84BD,283F,┸,ヨコセンウエクミ,ヨコホソウエフト,ホソヨコセンニフトウエタテセン,ヨコホソウエフト,細線太線混在素片,ヨコセンフトウエ,罫線,,,,,
84BE,2840,╂,クロスクミ,ヨコホソタテフト,フトタテホソヨコクロス,ヨコホソタテフト,細線太線混在素片,フトタテセンクロス,罫線,,,,,
8740,2D21,①,マルイチ,マルイチ,マルノナカニイチノマルイチ,マルイチ,,マルイチ,数字,,,,,
8741,2D22,②,マルニ,マルニ,マルノナカニニノマルニ,マルニ,,マルニ,数字,,,,,
8742,2D23,③,マルサン,マルサン,マルノナカニサンノマルサン,マルサン,,マルサン,数字,,,,,
8743,2D24,④,マルヨン,マルヨン,マルノナカニヨンノマルヨン,マルヨン,,マルヨン,数字,,,,,
8744,2D25,⑤,マルゴ,マルゴ,マルノナカニゴノマルゴ,マルゴ,,マルゴ,数字,,,,,
8745,2D26,⑥,マルロク,マルロク,マルノナカニロクノマルロク,マルロク,,マルロク,数字,,,,,
8746,2D27,⑦,マルナナ,マルナナ,マルノナカニナナノマルナナ,マルナナ,,マルナナ,数字,,,,,
8747,2D28,⑧,マルハチ,マルハチ,マルノナカニハチノマルハチ,マルハチ,,マルハチ,数字,,,,,
8748,2D29,⑨,マルキュー,マルキュー,マルノナカニキューノマルキュー,マルキュー,,マルキュウ,数字,,,,,
8749,2D2A,⑩,マルジュー,マルジュー,マルノナカニジュウ,マルジュー,,マルジュウ,数字,,,,,
874A,2D2B,⑪,マルジュウイチ,マルジュウイチ,マルノナカニジュウイチ,マルジュウイチ,,マルジュウイチ,数字,,,,,
874B,2D2C,⑫,マルジュウニ,マルジュウニ,マルノナカニジュウニ,マルジュウニ,,マルジュウニ,数字,,,,,
874C,2D2D,⑬,マルジュウサン,マルジュウサン,マルノナカニジュウサン,マルジュウサン,,マルジュウサン,数字,,,,,
874D,2D2E,⑭,マルジュウヨン,マルジュウヨン,マルノナカニジュウヨン,マルジュウヨン,,マルジュウヨン,数字,,,,,
874E,2D2F,⑮,マルジュウゴ,マルジュウゴ,マルノナカニジュウゴ,マルジュウゴ,,マルジュウゴ,数字,,,,,
874F,2D30,⑯,マルジュウロク,マルジュウロク,マルノナカニジュウロク,マルジュウロク,,マルジュウロク,数字,,,,,
8750,2D31,⑰,マルジュウナナ,マルジュウナナ,マルノナカニジュウナナ,マルジュウナナ,,マルジュウナナ,数字,,,,,
8751,2D32,⑱,マルジュウハチ,マルジュウハチ,マルノナカニジュウハチ,マルジュウハチ,,マルジュウハチ,数字,,,,,
8752,2D33,⑲,マルジュウキュウ,マルジュウク,マルノカニジュウキュウ,マルジュウキュウ,,マルジュウキュウ,数字,,,,,
8753,2D34,⑳,マルニジュウ,マルニジュウ,マルノナカニニジュウ,マルニジュウ,,マルニジュウ,数字,,,,,
8754,2D35,Ⅰ,ワン,ワン（ローマスウジイチ）,ローマスウジノイチ,イチ,,イチ,ローマ数字,,,,,
8755,2D36,Ⅱ,ツー,ツー（ローマスウジニ）,ローマスウジノニ,ニ,,ニ,ローマ数字,,,,,
8756,2D37,Ⅲ,スリー,スリー（ローマスウジサン）,ローマスウジノサン,サン,,サン,ローマ数字,,,,,
8757,2D38,Ⅳ,フォー,フォー（ローマスウジヨン）,ローマスウジノヨン,ヨン,,ヨン,ローマ数字,,,,,
8758,2D39,Ⅴ,ファイブ,ファイブ（ローマスウジゴ）,ローマスウジノゴ,ゴ,,ゴ,ローマ数字,,,,,
8759,2D3A,Ⅵ,シックス,シックス（ローマスウジロク）,ローマスウジノロク,ロク,,ロク,ローマ数字,,,,,
875A,2D3B,Ⅶ,セブン,セブン（ローマスウジナナ）,ローマスウジノナナ,ナナ,,ナナ,ローマ数字,,,,,
875B,2D3C,Ⅷ,エイツ,エイト（ローマスウジハチ）,ローマスウジノハチ,ハチ,,ハチ,ローマ数字,,,,,
875C,2D3D,Ⅸ,ナイン,ナイン（ローマスウジキュー）,ローマスウジノキュー,キュー,,キュウ,ローマ数字,,,,,
875D,2D3E,Ⅹ,テン,テン（ローマスウジジュー）,ローマスウジノジュー,ジュウ,,ジュウ,ローマ数字,,,,,
875F,2D40,㍉,カナミリ,カナミリ,タンイノミリ（カナミリ）,ミリ,,カナミリ,単位記号,,,,,
8760,2D41,㌔,カナキロ,カナキロ,タンイノキロ（カナキロ）,キロ,,カナキリ,単位記号,,,,,
8761,2D42,㌢,カナセンチ,カナセンチ,タンイセンチノセンチ（カナセンチ）,センチ,,カナセンチ,単位記号,,,,,
8762,2D43,㍍,カナメートル,カナメートル,ゼンカクキゴウノメートル（カナメートル）,メートル,,カナメートル,単位記号,,,,,
8763,2D44,㌘,カナグラム,カナグラム,オモサノグラム（カナグラム）,グラム,,カナグラム,単位記号,,,,,
8764,2D45,㌧,カナトン,カナトン,タンイトンノトン（カナトン,トン,,カナトン,単位記号,,,,,
8765,2D46,㌃,カナアール,カナアール,メンセキノタンイノアール（カナアール）,アール,,カナアール,単位記号,,,,,
8766,2D47,㌶,カナヘクタール,カナヘクタール,メンセキノタンイノヘクタール（カナヘクタール）,ヘクタール,,カナヘクタール,単位記号,,,,,
8767,2D48,㍑,カナリットル,カナリットル,リョウノタンイノリットル（カナリットル）,リットル,,カナリットル,単位記号,,,,,
8768,2D49,㍗,カナワット,カナワット,タンイノフット（カナワット）,ワット,,カナワット,単位記号,,,,,
8769,2D4A,㌍,カナカロリー,カナカロリー,ネツリョウノタンイノカロリー（カナカロリー）,カロリー,,カナカロリー,単位記号,,,,,
876A,2D4B,㌦,カナドル,カナドル,カヘイノタンイノドル（カナドル）,ドル,,カナドル,単位記号,,,,,
876B,2D4C,㌣,カナセント,カナセント,カヘイノタンイノセント（カナセント）,セント,,カナセント,単位記号,,,,,
876C,2D4D,㌫,カナパーセント,カナパーセント,カナパーセント,パーセント,,カナパーセント,単位記号,,,,,
876D,2D4E,㍊,カナビリバール,カナミリバール,カナミリバール,ミリバール,,カナミリバール,単位記号,,,,,
876E,2D4F,㌻,カナページ,カナページ,カナページ,ページ,,カナページ,単位記号,,,,,
876F,2D50,㎜,ミリメートル,ミリメートル,ナガサノミリメートル,ミリメートル,,ミリメートル,単位記号,,,,,
8770,2D51,㎝,センチメートル,センチメートル,ナガサノセンチメートル,センチメートル,,センチメートル,単位記号,,,,,
8771,2D52,㎞,キロメートル,キロメートル,キョリノタンイノキロメートル,キロメートル,,キロメートル,単位記号,,,,,
8772,2D53,㎎,ミリグラム,ミリグラム,オモサノタンイノミリグラム,ミリグラム,,ミリグラム,単位記号,,,,,
8773,2D54,㎏,キログラム,キログラム,オモサノタンイノキログラム,キログラム,,キログラム,単位記号,,,,,
8774,2D55,㏄,シーシー,シーシー,タイセキノタンイノシーシー,シーシー,,シーシー,単位記号,,,,,
8775,2D56,㎡,ヘイホウメートル,ヘイホウメートル,メンセキノヘイホウメートル,ヘイホウメートル,,ヘイホウメートル,単位記号,,,,,
877E,2D5F,㍻,ヘイセイ,ヘイセイ,ヘイセイ,ヘイセイ,,ヘイセイ,記号,,,,,
8780,2D60,〝,ヒゲヒラキ,ヒゲヒラキ,ヒゲヒラキ,,,ヒゲヒラキ,記号,,,,,
8781,2D61,〟,ヒゲトジ,ヒゲトジ,ヒゲトジ,,,ヒゲトジ,記号,,,,,
8782,2D62,№,ナンバー,ナンバー,ナンバー,ナンバー,,ナンバー,記号,,,,,
8783,2D63,㏍,ケーケー,ケーケー,カブシキガイシャノケーケー,カブシキガイシャ,,ケーケー,記号,,,,,
8784,2D64,℡,テレフォン,テレフォン,デンワバンゴウ,デンワバンゴウ,,テレフォン,記号,,,,,
8785,2D65,㊤,マルウエ,マルウエ,マルノナカニウエ,マルノナカニウエ,,マルウエ,記号,,,,,
8786,2D66,㊥,マルナカ,マルナカ,マルノナカニチュー,マルノナカニチュウ,,マルナカ,記号,,,,,
8787,2D67,㊦,マルシタ,マルシタ,マルノナカニシタ,マルノナカニシタ,,マルシタ,記号,,,,,
8788,2D68,㊧,マルヒダリ,マルヒダリ,マルノナカニヒダリ,マルノナカニヒダリ,,マルヒダリ,記号,,,,,
8789,2D69,㊨,マルミギ,マルミギ,マルノナカニミギ,マルノナカニミビ,,マルミギ,記号,,,,,
878A,2D6A,㈱,カッコカブ,カッコカブ,カブシキガイシャ,カブシキガイシャ,,カッコカブ,記号,,,,,
878B,2D6B,㈲,カッコユウゲン,カッコユウゲン,ユウゲンガイシャ,ユウゲンガイシャ,,カッコユウゲン,記号,,,,,
878C,2D6C,㈹,カッコダイヒョウ,カッコダイヒョウ,ダイヒョウ,ダイヒョウ,,カッコダイヒョウ,記号,,,,,
878D,2D6D,㍾,メイジ,メイジ,ゲンゴウノメイジ,メイジ,,メイジ,記号,,,,,
878E,2D6E,㍽,タイショウ,タイショウ,ゲンゴウノタイショウ,タイショウ,,タイショウ,記号,,,,,
878F,2D6F,㍼,ショウワ,ショウワ,ゲンゴウノショウワ,ショウワ,,ショウワ,記号,,,,,
8790,,,,,,,,,,,,,,
8791,,,,,,,,,,,,,,
8792,,,,,,,,,,,,,,
8793,2D73,∮,クウシュウゴウ,シュウカイセキブン,スウガクノシュウカイセキブン,シュウカイセキブン,,シュウカイセキブン,数学記号,,,,,
8794,2D74,∑,シグマ,シグマ,スウガクノシグマ,シグマ,,シグマ,数学記号,,,,,
8795,,,,,,,,,,,,,,
8796,,,,,,,,,,,,,,
8797,,,,,,,,,,,,,,
8798,2D78,∟,チョッカク,チョッカク,スウガクノチョッカク,チョッカク,,チョッカク,数学記号,,,,,
8799,2D79,⊿,サンカクケイ,サンカクケイ,スウガクノサンカクケイ,サンカクケイ,,サンカクケイ,数学記号,,,,,
879A,,,,,,,,,,,,,,
879B,,,,,,,,,,,,,,
879C,,,,,,,,,,,,,,
,,,,,,,,,,,,,,
,,598,,,,,,,,,,,,
,,,,,,,,,,,,,,
,,,,,,,,,,,,,,
,,,,,,,,,,,,,,
,,,,,,,,,,,,,,
,,,,,,,,,,,,,,
,,,,,,,,,,,,,,
,,,,,,,,,,,,,,
,,,,,,,,,,,,,,
,,,,,,,,,,,,,,
,,,,,,,,,,,,,,
,,,,,,,,,,,,,,
,,,,,,,,,,,,,,
,,,,,,,,,,,,,,
,,,,,,,,,,,,,,
,,,,,,,,,,,,,,
,,,,,,,,,,,,,,
,,,,,,,,,,,,,,
,,,,,,,,,,,,,,
,,,,,,,,,,,,,,
,,,,,,,,,,,,,,
,,,,,,,,,,,,,,
,,,,,,,,,,,,,,
,,,,,,,,,,,,,,
,,,,,,,,,,,,,,
,,,,,,,,,,,,,,
,,,,,,,,,,,,,,
,,,,,,,,,,,,,,
