漢字,田町読み（新しい詳細読み）　カタカナ,田町読み（新しい詳細読み）　ひらがな
亜,アネッタイノア,あねったいのあ
唖,アゼントスルノア,あぜんとするのあ
娃,アイ，オンナヘンニクチフタツ,あい，おんなへんにくちふたつ
阿,アミダブツノア,あみだぶつのあ
哀,キドアイラクノアイ，アワレム,きどあいらくのあい，あわれむ
愛,アイスルノアイ,あいするのあい
挨,アイサツスルノアイ,あいさつするのあい
姶,オンナヘンニゴウカクノゴウ,おんなへんにごうかくのごう
逢,ダンジョノアイビキノアイ,だんじょのあいびきのあい
葵,アオイマツリノアオイ,あおいまつりのあおい
茜,アカネイロノアカネ,あかねいろのあかね
穐,アキ，ノギヘンニカメ,あき，のぎへんにかめ
悪,ゼンアクノアク，ワルイ,ぜんあくのあく，わるい
握,アクリョクノアク，ニギル,あくりょくのあく，にぎる
渥,アツミハントウノアツ,あつみはんとうのあつ
旭,キョクジツノキョク，アサヒ,きょくじつのきょく，あさひ
葦,アシブエノアシ,あしぶえのあし
芦,アシ，クサカンムリニトジマリノト,あし，くさかんむりにとじまりのと
鯵,アジ，サカナヘンニマイル,あじ，さかなへんにまいる
梓,アズサ，ジョウシスルノシ,あずさ，じょうしするのし
圧,アツリョクノアツ,あつりょくのあつ
斡,アッセンスルノアツ,あっせんするのあつ
扱,アツカウ,あつかう
宛,アテナノアテ,あてなのあて
姐,アネゴハダノアネ,あねごはだのあね
虻,アブハチトラズノアブ,あぶはちとらずのあぶ
飴,ミズアメノアメ,みずあめのあめ
絢,ケンランゴウカノケン,けんらんごうかのけん
綾,アヤオリノアヤ,あやおりのあや
鮎,アユ，サカナヘンニウラナウ,あゆ，さかなへんにうらなう
或,アルイハノアル,あるいはのある
粟,キビアワノアワ,きびあわのあわ
袷,アワセ，コロモヘンニゴウカクノゴウ,あわせ，ころもへんにごうかくのごう
安,アンシンノアン，ヤスイ,あんしんのあん，やすい
庵,イオリ，タクアンノアン,いおり，たくあんのあん
按,アンマノアン,あんまのあん
暗,アンキスルノアン，クライ,あんきするのあん，くらい
案,アンナイノアイ,あんないのあい
闇,クラヤミノヤミ,くらやみのやみ
鞍,アンバノアン，クラ,あんばのあん，くら
杏,アンズ，キョウリンノキョウ,あんず，きょうりんのきょう
以,イジョウ，イカノイ,いじょう，いかのい
伊,イセエビノイ,いせえびのい
位,タンイノイ,たんいのい
依,イライスルノイ,いらいするのい
偉,イダイノイ，エライ,いだいのい，えらい
囲,イゴノイ，カコム,いごのい，かこむ
夷,ジョウイノイ，エビス,じょういのい，えびす
委,ガッキュウイインノイ,がっきゅういいんのい
威,イゲンガアルノイ,いげんがあるのい
尉,リクグンタイイノイ,りくぐんたいいのい
惟,シイノイ，リッシンベンニフルトリ,しいのい，りっしんべんにふるとり
意,イミノイ,いみのい
慰,イシャリョウノイ，ナグサメル,いしゃりょうのい，なぐさめる
易,ボウエキノエキ，ヤサシイ,ぼうえきのえき，やさしい
椅,イスノイ,いすのい
為,コウイノイ，タメ,こういのい，ため
畏,イフスルノイ，カシコマル,いふするのい，かしこまる
異,イコクノイ，コトナル,いこくのい，ことなる
移,イドウノイ，ウツル,いどうのい，うつる
維,イジスルノイ,いじするのい
緯,イドケイドノイ,いどけいどのい
胃,イブクロノイ,いぶくろのい
萎,イシュクスルノイ，ナエル,いしゅくするのい，なえる
衣,イフクノイ，コロモ,いふくのい，ころも
謂,イワレ，ゴンベンニイブクロイ,いわれ，ごんべんにいぶくろい
違,イハンノイ，チガウ,いはんのい，ちがう
遺,イデンノイ,いでんのい
医,オイシャサンノイ,おいしゃさんのい
井,イドミズノイ,いどみずのい
亥,イ，ジュウニシノイノシシ,い，じゅうにしのいのしし
域,チイキノイキ,ちいきのいき
育,キョウイクノイク，ソダテル,きょういくのいく，そだてる
郁,フクイクノイク,ふくいくのいく
磯,イソヅリノイソ,いそづりのいそ
一,カンスウジノイチ,かんすうじのいち
壱,ケイヤクショニツカウスウジノイチ,けいやくしょにつかうすうじのいち
溢,アフレル，ノウイッケツノイツ,あふれる，のういっけつのいつ
逸,イツダツスル,いつだつする
稲,イネ，イナサクノイナ,いね，いなさくのいな
茨,イバラキケンノイバラ,いばらきけんのいばら
芋,ヤキイモノイモ,やきいものいも
鰯,イワシ，サカナヘンニヨワイ,いわし，さかなへんによわい
允,インカノイン，ユルス,いんかのいん，ゆるす
印,インサツノイン,いんさつのいん
咽,ジビインコウカノイン，ノド,じびいんこうかのいん，のど
員,ガッキュウイインノイン,がっきゅういいんのいん
因,ゲンインノイン，チナミニ,げんいんのいん，ちなみに
姻,コンインノイン,こんいんのいん
引,インヨウスルノイン，ヒク,いんようするのいん，ひく
飲,ミズヲノムノノム，イン,みずをのむののむ，いん
淫,インランノイン，ミダラ,いんらんのいん，みだら
胤,ゴラクインノイン，タネ,ごらくいんのいん，たね
蔭,クサカンムリノカゲ,くさかんむりのかげ
院,ニュウインスルノイン,にゅういんするのいん
陰,インキナノイン，カゲ,いんきなのいん，かげ
隠,インキョスルノイン，カクレル,いんきょするのいん，かくれる
韻,ヨインガノコルノイン,よいんがのこるのいん
吋,ナガサノタンイノインチ,ながさのたんいのいんち
右,ミギ，サユウノユウ,みぎ，さゆうのゆう
宇,ウチュウノウ,うちゅうのう
烏,ウゴウノシュウノウ，カラス,うごうのしゅうのう，からす
羽,ハネ，ウモウノウ,はね，うもうのう
迂,ウカイスルノウ,うかいするのう
雨,アメ，ウテンノウ,あめ，うてんのう
卯,ウ，ジュウニシノウサギ,う，じゅうにしのうさぎ
鵜,ウノミニスルノウ,うのみにするのう
窺,アナカンムリノウカガウ,あなかんむりのうかがう
丑,ウシ，ジュウニシノウシ,うし，じゅうにしのうし
碓,ウス，イシヘンニフルトリ,うす，いしへんにふるとり
臼,ダッキュウスルノキュウ，ウス,だっきゅうするのきゅう，うす
渦,ウズマキノウズ，カ,うずまきのうず，か
嘘,ウソツキノウソ,うそつきのうそ
唄,ウタ，クチヘンニカイガラノカイ,うた，くちへんにかいがらのかい
欝,ユウウツナノウツ,ゆううつなのうつ
蔚,クサカンムリニリクグンタイイノイ,くさかんむりにりくぐんたいいのい
鰻,ウナギ,うなぎ
姥,ウバザクラノウバ,うばざくらのうば
厩,キュウシャノキュウ，ウマヤ,きゅうしゃのきゅう，うまや
浦,ツツウラウラノウラ,つつうらうらのうら
瓜,ウリ，スイカノカ,うり，すいかのか
閏,ウルウドシノウルウ,うるうどしのうるう
噂,ウワサバナシノウワサ,うわさばなしのうわさ
云,ウンヌンノウン，イウ,うんぬんのうん，いう
運,ウンドウノウン，ハコブ,うんどうのうん，はこぶ
雲,クモノウエノクモ，ウン,くものうえのくも，うん
荏,エゴマノエ,えごまのえ
餌,エサ，エヅケノエ,えさ，えづけのえ
叡,ヒエイザンノエイ,ひえいざんのえい
営,エイギョウノエイ，イトナム,えいぎょうのえい，いとなむ
嬰,アカンボウヲイミスルエイジノエイ,あかんぼうをいみするえいじのえい
影,エイキョウノエイ，カゲ,えいきょうのえい，かげ
映,エイガノエイ，ウツス,えいがのえい，うつす
曳,エイコウスルノエイ，ヒク,えいこうするのえい，ひく
栄,エイヨウノエイ，サカエル,えいようのえい，さかえる
永,エイキュウノエイ，ナガイ,えいきゅうのえい，ながい
泳,スイエイノエイ，オヨグ,すいえいのえい，およぐ
洩,キミツロウエイノエイ，モラス,きみつろうえいのえい，もらす
瑛,オウヘンニエイゴノエイ,おうへんにえいごのえい
盈,ミチル，エイ,みちる，えい
穎,スグレルヲイミスルエイ，ホサキ，ノギヘン,すぐれるをいみするえい，ほさき，のぎへん
頴,スグレルヲイミスルエイ，ホサキ，シメス,すぐれるをいみするえい，ほさき，しめす
英,エイユウノエイ,えいゆうのえい
衛,エイセイテキノエイ,えいせいてきのえい
詠,エイタンノエイ，ヨム,えいたんのえい，よむ
鋭,エイリナノエイ，スルドイ,えいりなのえい，するどい
液,エキタイノエキ,えきたいのえき
疫,メンエキノエキ,めんえきのえき
益,リエキノエキ,りえきのえき
駅,エキビルノエキ,えきびるのえき
悦,エツラクノエツ，ヨロコブ,えつらくのえつ，よろこぶ
謁,ハイエツスルノエツ,はいえつするのえつ
越,ユウエツカンノエツ，コス,ゆうえつかんのえつ，こす
閲,エツランスルノエツ,えつらんするのえつ
榎,エノキ，キヘンニナツ,えのき，きへんになつ
厭,エンセイカンノエン，イトウ,えんせいかんのえん，いとう
円,ヒャクエンダマノエン,ひゃくえんだまのえん
園,ドウブツエンノエン,どうぶつえんのえん
堰,エンテイノエン，セキ,えんていのえん，せき
奄,アマミオオシマノイチモジメノエン,あまみおおしまのいちもじめのえん
宴,エンカイノエン，ウタゲ,えんかいのえん，うたげ
延,エンキスルノエン，ノビル,えんきするのえん，のびる
怨,オンネンノオン，ウラミ,おんねんのおん，うらみ
掩,エンゴシャゲキノエン,えんごしゃげきのえん
援,オウエンスルノエン,おうえんするのえん
沿,エンガンノエン，ソウ,えんがんのえん，そう
演,エンソウスルノエン,えんそうするのえん
炎,エンジョウスルノエン，ホノオ,えんじょうするのえん，ほのお
焔,ホノオ，ヒヘンノホノオ,ほのお，ひへんのほのお
煙,エントツノエン，ケムリ,えんとつのえん，けむり
燕,ツバメ,つばめ
猿,ルイジンエンノエン，サル,るいじんえんのえん，さる
縁,エンガワノエン，フチ,えんがわのえん，ふち
艶,ヨウエンナノエン，ツヤ,ようえんなのえん，つや
苑,ジングウガイエンノエン,じんぐうがいえんのえん
薗,ソノ，クサカンムリニガクエンノエン,その，くさかんむりにがくえんのえん
遠,エンソクノエン，トオイ,えんそくのえん，とおい
鉛,エンピツノエン，ナマリ,えんぴつのえん，なまり
鴛,エンオウノエン，オシドリ,えんおうのえん，おしどり
塩,ショクエンノエン，シオ,しょくえんのえん，しお
於,ナニナニニオイテノオ,なになににおいてのお
汚,オセンノオ，キタナイ,おせんのお，きたない
甥,オイメイノオイ,おいめいのおい
凹,オウトツノオウ，クボム,おうとつのおう，くぼむ
央,チュウオウノオウ,ちゅうおうのおう
奥,オクバノオク,おくばのおく
往,オウフクノオウ,おうふくのおう
応,オウエンノオウ,おうえんのおう
押,オウシュウスルノオウ，オス,おうしゅうするのおう，おす
旺,ショクヨクオウセイナノオウ,しょくよくおうせいなのおう
横,タテヨコノヨコ，オウ,たてよこのよこ，おう
欧,オウベイノオウ,おうべいのおう
殴,オウダスルノオウ，ナグル,おうだするのおう，なぐる
王,オウサマノオウ,おうさまのおう
翁,オキナ，オウ,おきな，おう
襖,ショウジフスマノフスマ,しょうじふすまのふすま
鴬,ウグイス,うぐいす
鴎,カモメ,かもめ
黄,キイロノキ，オウ,きいろのき，おう
岡,オカヤマケンノオカ,おかやまけんのおか
沖,オキ，オキナワケンノオキ,おき，おきなわけんのおき
荻,オギ,おぎ
億,オクマンチョウジャノオク,おくまんちょうじゃのおく
屋,オクジョウノオク，ヤ,おくじょうのおく，や
憶,キオクノオク，オボエル,きおくのおく，おぼえる
臆,オクビョウナノオク,おくびょうなのおく
桶,オケ，フロオケノオケ,おけ，ふろおけのおけ
牡,ハナノボタンノボ，オス,はなのぼたんのぼ，おす
乙,コウオツノオツ,こうおつのおつ
俺,オレサマノオレ,おれさまのおれ
卸,オロシウリノオロシ,おろしうりのおろし
恩,オンガエシノオン,おんがえしのおん
温,オンセンノオン，アタタマル,おんせんのおん，あたたまる
穏,ヘイオンノオン，オダヤカ,へいおんのおん，おだやか
音,オト，オンガクノオン,おと，おんがくのおん
下,ジョウゲノゲ，シタ,じょうげのげ，した
化,カセキノカ，バケル,かせきのか，ばける
仮,カメンノカ，カリ,かめんのか，かり
何,ナニモノノナニ,なにもののなに
伽,オトギバナシノトギ，カ,おとぎばなしのとぎ，か
価,カチノカ，アタイ,かちのか，あたい
佳,カサクノカ，ニンベンニツチフタツノカ,かさくのか，にんべんにつちふたつのか
加,ツイカノカ，クワエル,ついかのか，くわえる
可,カノウセイノカ,かのうせいのか
嘉,カ，ヨロコブノシタガクワエル,か，よろこぶのしたがくわえる
夏,ナツヤスミノナツ，カ,なつやすみのなつ，か
嫁,ハナヨメノヨメ,はなよめのよめ
家,イエ，カゾクノカ,いえ，かぞくのか
寡,カモクナノカ，スクナイ,かもくなのか，すくない
科,キョウカショノカ,きょうかしょのか
暇,キュウカノカ，ヒマ,きゅうかのか，ひま
果,ケッカノカ，ハタス,けっかのか，はたす
架,ジュウジカノカ，カケル,じゅうじかのか，かける
歌,ウタ，カシュノカ,うた，かしゅのか
河,サンズイノカワ,さんずいのかわ
火,カヨウビノカ，ヒ,かようびのか，ひ
珂,オウヘンニカノウセイノカ,おうへんにかのうせいのか
禍,ワザワイ，カ,わざわい，か
禾,ノギヘンノノギ，カ,のぎへんののぎ，か
稼,カセグ，カ,かせぐ，か
箇,カジョウガキノカ,かじょうがきのか
花,ハナ，カビンノカ,はな，かびんのか
苛,イラダツ，カコクノカ,いらだつ，かこくのか
茄,クサカンムリニクワエルノカ，ナス,くさかんむりにくわえるのか，なす
荷,ニモツノニ,にもつのに
華,ゴウカノカ，ハナヤカ,ごうかのか，はなやか
菓,オカシノカ,おかしのか
蝦,ムシヘンノエビ，カ,むしへんのえび，か
課,ホウカゴノカ,ほうかごのか
嘩,クチゲンカノカ,くちげんかのか
貨,カモツノカ,かもつのか
迦,オシャカサマノカ,おしゃかさまのか
過,カコノカ，スギル,かこのか，すぎる
霞,ハルガスミノカスミ,はるがすみのかすみ
蚊,カトリセンコウノカ,かとりせんこうのか
俄,ニワカ，ガゼンノガ,にわか，がぜんのが
峨,ヤマヘンニワレノガ,やまへんにわれのが
我,ガマンノガ，ワレ,がまんのが，われ
牙,ゾウゲノゲ，キバ,ぞうげのげ，きば
画,ガヨウシノガ,がようしのが
臥,フス，ガシンショウタンノガ,ふす，がしんしょうたんのが
芽,ハツガノガ，キノメノメ,はつがのが，きのめのめ
蛾,ガ，ムシノガ,が，むしのが
賀,ネンガジョウノガ,ねんがじょうのが
雅,ユウガノガ，ミヤビ,ゆうがのが，みやび
餓,ガシスルノガ，ウエル,がしするのが，うえる
駕,ガ，リョウガスルノガ,が，りょうがするのが
介,カイゴノカイ，スケ,かいごのかい，すけ
会,カイシャノカイ，アウ,かいしゃのかい，あう
解,カイケツスルノカイ,かいけつするのかい
回,マワル，カイテンノカイ,まわる，かいてんのかい
塊,ダンカイノカイ，カタマリ,だんかいのかい，かたまり
壊,ハカイノカイ，コワス,はかいのかい，こわす
廻,エンニョウニマワルノカイ,えんにょうにまわるのかい
快,カイテキノカイ，ココロヨイ,かいてきのかい，こころよい
怪,カイブツノカイ，アヤシイ,かいぶつのかい，あやしい
悔,コウカイスルノカイ，クヤム,こうかいするのかい，くやむ
恢,テンモウカイカイノカイ,てんもうかいかいのかい
懐,カイチュウデントウノカイ，フトコロ,かいちゅうでんとうのかい，ふところ
戒,ケイカイスルノカイ，イマシメル,けいかいするのかい，いましめる
拐,ユウカイジケンノカイ,ゆうかいじけんのかい
改,カイリョウノカイ，アラタメル,かいりょうのかい，あらためる
魁,キョカイノカキ，サキガケ,きょかいのかき，さきがけ
晦,ミソカ，ニチヘンニマイ,みそか，にちへんにまい
械,キカイテキノカイ,きかいてきのかい
海,ウミ，カイガイノカイ,うみ，かいがいのかい
灰,ハイイロノハイ,はいいろのはい
界,セカイノカイ,せかいのかい
皆,ミナサマノミナ，カイ,みなさまのみな，かい
絵,エホンノエ,えほんのえ
芥,アクタガワショウノアクタ,あくたがわしょうのあくた
蟹,カニ,かに
開,カイハツノカイ，ヒラク,かいはつのかい，ひらく
階,カイダンヲノボルノカイ,かいだんをのぼるのかい
貝,カイガラノカイ,かいがらのかい
凱,ガイセンモンノガイ,がいせんもんのがい
劾,ダンガイスルノガイ,だんがいするのがい
外,ガイコクノガイ，ソト,がいこくのがい，そと
咳,セキバライノセキ,せきばらいのせき
害,サイガイノガイ,さいがいのがい
崖,ガケ，ダンガイノガイ,がけ，だんがいのがい
慨,カンガイムリョウノガイ,かんがいむりょうのがい
概,ガイネンノガイ，オオムネ,がいねんのがい，おおむね
涯,イッショウガイノガイ,いっしょうがいのがい
碍,ユウズウムゲノゲ，ガイ,ゆうずうむげのげ，がい
蓋,ズガイコツノガイ，フタ,ずがいこつのがい，ふた
街,ガイロジュノガイ,がいろじゅのがい
該,ガイトウスルノガイ,がいとうするのがい
鎧,ヨロイ，ガイシュウイッショクノガイ,よろい，がいしゅういっしょくのがい
骸,ガイコツノガイ，ムクロ,がいこつのがい，むくろ
浬,タンイノカイリ，サンズイニサト,たんいのかいり，さんずいにさと
馨,ジンメイノカオル，ケイ，カグワシイ,じんめいのかおる，けい，かぐわしい
蛙,ドウブツノカエル,どうぶつのかえる
垣,カキネノカキ,かきねのかき
柿,クダモノノカキ,くだもののかき
蛎,ウミノカキ，レイ,うみのかき，れい
鈎,カギ，カネヘンニツツミガマエニム,かぎ，かねへんにつつみがまえにむ
劃,ワカツ，カクゼンノカク,わかつ，かくぜんのかく
嚇,イカクスルノカク,いかくするのかく
各,カクジノカク，オノオノ,かくじのかく，おのおの
廓,ユウカクノカク，クルワ,ゆうかくのかく，くるわ
拡,カクダイノカク,かくだいのかく
撹,カクランスルノカク,かくらんするのかく
格,ゴウカクノカク,ごうかくのかく
核,カクカゾクノカク,かくかぞくのかく
殻,カイガラノガラ，カク,かいがらのがら，かく
獲,カクトクノカク，エル,かくとくのかく，える
確,カクニンノカク，タシカ,かくにんのかく，たしか
穫,シュウカクスルノカク，トリイレル,しゅうかくするのかく，とりいれる
覚,カンカクノカク，オボエル,かんかくのかく，おぼえる
角,カクドノカク，ツノ,かくどのかく，つの
赫,アカヲフタツナラベタカク,あかをふたつならべたかく
較,ヒカクテキノカク,ひかくてきのかく
郭,リンカクノカク，クルワ,りんかくのかく，くるわ
閣,テンシュカクノカク,てんしゅかくのかく
隔,カンカクノカク，ヘダタリ,かんかくのかく，へだたり
革,カクメイノカク,かくめいのかく
学,マナブ，ガクシュウノガク,まなぶ，がくしゅうのがく
岳,サンガクノガク，タケ,さんがくのがく，たけ
楽,オンガクノガク，タノシイ,おんがくのがく，たのしい
額,キンガクノガク，ヒタイ,きんがくのがく，ひたい
顎,アゴ，ガク,あご，がく
掛,カケブトンノカケ,かけぶとんのかけ
笠,ハナガサノカサ,はながさのかさ
樫,カシノキノカシ,かしのきのかし
橿,カシハラジングウノカシ,かしはらじんぐうのかし
梶,カジノキノカジ，キヘンニオ,かじのきのかじ，きへんにお
鰍,カジカ，ウオヘンニアキ,かじか，うおへんにあき
潟,ニイガタケンノカタ,にいがたけんのかた
割,ワリアイノワリ,わりあいのわり
喝,キョウカツスルノカツ,きょうかつするのかつ
恰,カップクガヨイノカツ，アタカモ,かっぷくがよいのかつ，あたかも
括,ソウカツノカツ，ククル,そうかつのかつ，くくる
活,セイカツノカツ,せいかつのかつ
渇,カツボウスルノカツ，カワク,かつぼうするのかつ，かわく
滑,エンカツノカツ，ナメラカ,えんかつのかつ，なめらか
葛,カットウノカツ，クズ,かっとうのかつ，くず
褐,カッショクノカツ,かっしょくのかつ
轄,カンカツスルノカツ,かんかつするのかつ
且,ナオカツノカツ,なおかつのかつ
鰹,カツオ，ウオヘンニカタイ,かつお，うおへんにかたい
叶,カナウ，クチヘンニジュウ,かなう，くちへんにじゅう
椛,カバ，キヘンニハナ,かば，きへんにはな
樺,シラカバノカバ,しらかばのかば
鞄,カバン,かばん
株,カブシキノカブ,かぶしきのかぶ
兜,テツカブトノカブト,てつかぶとのかぶと
竃,カマド,かまど
蒲,カバヤキノカバ,かばやきのかば
釜,カマメシノカマ,かまめしのかま
鎌,カマクラノカマ,かまくらのかま
噛,カム，クチヘンニハ,かむ，くちへんには
鴨,トリノカモ,とりのかも
栢,カヤ，キヘンニヒャク,かや，きへんにひゃく
茅,カヤブキノカヤ,かやぶきのかや
萱,クサカンムリニセンデンノセン,くさかんむりにせんでんのせん
粥,オカユノカユ,おかゆのかゆ
刈,クサカリノカリ，カル,くさかりのかり，かる
苅,カル，クサカンムリノカル,かる，くさかんむりのかる
瓦,レンガノガ，カワラ,れんがのが，かわら
乾,カワク，カンソウキノカン,かわく，かんそうきのかん
侃,カンカンガクガクノカン,かんかんがくがくのかん
冠,カンムリ，エイカンノカン,かんむり，えいかんのかん
寒,アツイサムイノサムイ，カン,あついさむいのさむい，かん
刊,シュウカンシノカン,しゅうかんしのかん
勘,オカンジョウノカン,おかんじょうのかん
勧,カンユウスルノカン，ススメル,かんゆうするのかん，すすめる
巻,ノリマキノマキ,のりまきのまき
喚,ショウニンカンモンノカン,しょうにんかんもんのかん
堪,カンニンブクロノカン，タエル,かんにんぶくろのかん，たえる
姦,カシマシイ，オンナミッツノカン,かしましい，おんなみっつのかん
完,カンリョウスルノカン,かんりょうするのかん
官,ケイサツカンノカン,けいさつかんのかん
寛,カンダイナノカン，ヒロイ,かんだいなのかん，ひろい
干,カンチョウノカン，ホス,かんちょうのかん，ほす
幹,シンカンセンノカン，ミキ,しんかんせんのかん，みき
患,カンジャノカン，ワズラウ,かんじゃのかん，わずらう
感,カンソウブンノカン,かんそうぶんのかん
慣,シュウカンノカン，ナレル,しゅうかんのかん，なれる
憾,イカンナクノカン,いかんなくのかん
換,カンキセンノカン，カエル,かんきせんのかん，かえる
敢,ユウカンナノカン，アエテ,ゆうかんなのかん，あえて
柑,カンキツルイノカン,かんきつるいのかん
桓,カンムテンノウノカン,かんむてんのうのかん
棺,カンオケノカン，ヒツギ,かんおけのかん，ひつぎ
款,エンシャッカンノカン,えんしゃっかんのかん
歓,カンゲイノカン，ヨロコブ,かんげいのかん，よろこぶ
汗,アセ，ハッカンノカン,あせ，はっかんのかん
漢,カンジテストノカン,かんじてすとのかん
澗,カン，サンズイニアイダ,かん，さんずいにあいだ
潅,カンボクノカン,かんぼくのかん
環,シゼンカンキョウノカン,しぜんかんきょうのかん
甘,アマイ，カンミリョウノカン,あまい，かんみりょうのかん
監,カントクスルノカン,かんとくするのかん
看,カンビョウノカン,かんびょうのかん
竿,サオダケノサオ，カン,さおだけのさお，かん
管,カンリスルノカン,かんりするのかん
簡,カンタンナノカン,かんたんなのかん
緩,ユルヤカ，カンワスルノカン,ゆるやか，かんわするのかん
缶,カンヅメノカン,かんづめのかん
翰,ショカンヲオクルノカン，シンカンセンノカンノホスノカワリニウモウノウ,しょかんをおくるのかん，しんかんせんのかんのほすのかわりにうもうのう
肝,カンゾウノカン，キモ,かんぞうのかん，きも
艦,センスイカンノカン,せんすいかんのかん
莞,クサカンムリニカンリョウスルノカン,くさかんむりにかんりょうするのかん
観,カンキャクノカン,かんきゃくのかん
諌,イサメル，カンゲンスルノカン,いさめる，かんげんするのかん
貫,イッカンスルノカン，ツラヌク,いっかんするのかん，つらぬく
還,カンレキノカン，カエル,かんれきのかん，かえる
鑑,ズカンノカン,ずかんのかん
間,ジカンノカン，アイダ,じかんのかん，あいだ
閑,カンコドリノカン，ヒマ,かんこどりのかん，ひま
関,カンケイノカン，セキ,かんけいのかん，せき
陥,オチイル，カンラクノカン,おちいる，かんらくのかん
韓,カンコクジンノカン,かんこくじんのかん
館,トショカンノカン,としょかんのかん
舘,ヤカタノイタイジ，カン,やかたのいたいじ，かん
丸,ヒノマルノマル，ガン,ひのまるのまる，がん
含,フクム，ガンチクノガン,ふくむ，がんちくのがん
岸,カイガンノガン，キシ,かいがんのがん，きし
巌,ガンリュウジマノガン，イワオ,がんりゅうじまのがん，いわお
玩,ガングノガン，モテアソブ,がんぐのがん，もてあそぶ
癌,ガンサイボウノガン,がんさいぼうのがん
眼,ソウガンキョウノガン,そうがんきょうのがん
岩,イワ，ガンセキ,いわ，がんせき
翫,ガン，レンシュウノシュウニゲンキノゲン,がん，れんしゅうのしゅうにげんきのげん
贋,ガンサクノガン，ニセ,がんさくのがん，にせ
雁,ワタリドリノガン，カリ,わたりどりのがん，かり
頑,ガンバルノガン,がんばるのがん
顔,カオイロノカオ，ガン,かおいろのかお，がん
願,ガンボウノガン，ネガウ,がんぼうのがん，ねがう
企,キカクノキ，クワダテル,きかくのき，くわだてる
伎,カブキノキ,かぶきのき
危,キケンノキ，アブナイ,きけんのき，あぶない
喜,キゲキノキ，ヨロコブ,きげきのき，よろこぶ
器,ガッキノキ，ウツワ,がっきのき，うつわ
基,キホンノキ，モトヅク,きほんのき，もとづく
奇,キミョウナノキ,きみょうなのき
嬉,ウレシイ，キ,うれしい，き
寄,キフスルノキ，ヨル,きふするのき，よる
岐,ブンキテンノキ,ぶんきてんのき
希,キボウノキ，マレ,きぼうのき，まれ
幾,キカガクノキ,きかがくのき
忌,イッシュウキノキ，イム,いっしゅうきのき，いむ
揮,シキスルノキ,しきするのき
机,ツクエ,つくえ
旗,コッキノキ，ハタ,こっきのき，はた
既,キトクケンノキ，スデニ,きとくけんのき，すでに
期,キタイスルノキ,きたいするのき
棋,キ，ショウギノギ,き，しょうぎのぎ
棄,ハキスルノキ，ステル,はきするのき，すてる
機,ヒコウキノキ,ひこうきのき
帰,キタクスルノキ，カエル,きたくするのき，かえる
毅,キゼントシタノキ,きぜんとしたのき
気,クウキノキ,くうきのき
汽,キテキノキ,きてきのき
畿,キンキチホウノキ,きんきちほうのき
祈,イノル，キガンスルノキ,いのる，きがんするのき
季,キセツフウノキ,きせつふうのき
稀,マレ，ノギヘンニキボウノキ,まれ，のぎへんにきぼうのき
紀,キゲンゼンノキ,きげんぜんのき
徽,キショウヲツケルノキ，シルシ,きしょうをつけるのき，しるし
規,キソクテキノキ,きそくてきのき
記,キロクノキ，シルス,きろくのき，しるす
貴,キチョウヒンノキ,きちょうひんのき
起,キリツスルノキ，オキル,きりつするのき，おきる
軌,キドウニノルノキ,きどうにのるのき
輝,カガヤク，キ,かがやく，き
飢,キガノキ，ウエル,きがのき，うえる
騎,キヘイタイノキ,きへいたいのき
鬼,オニ，キュウケツキノキ,おに，きゅうけつきのき
亀,ドウブツノカメ，キ,どうぶつのかめ，き
偽,ギゾウノギ，ニセ,ぎぞうのぎ，にせ
儀,ギシキノギ,ぎしきのぎ
妓,ゲイギノギ，オンナヘンニササエル,げいぎのぎ，おんなへんにささえる
宜,ベンギノギ，ヨロシク,べんぎのぎ，よろしく
戯,ギキョクノギ,ぎきょくのぎ
技,ギジュツノギ，ワザ,ぎじゅつのぎ，わざ
擬,モギテンノギ,もぎてんのぎ
欺,サギノギ，アザムク,さぎのぎ，あざむく
犠,ギセイシャノギ,ぎせいしゃのぎ
疑,ギモンノギ，ウタガウ,ぎもんのぎ，うたがう
祇,ギオンマツリノギ,ぎおんまつりのぎ
義,ギムノギ,ぎむのぎ
蟻,ムシノアリ，ギ,むしのあり，ぎ
誼,ヨシミヲツウズルノヨシミ，ギ,よしみをつうずるのよしみ，ぎ
議,カイギシツノギ,かいぎしつのぎ
掬,スクイナゲノスクウ,すくいなげのすくう
菊,キクニンギョウノキク,きくにんぎょうのきく
鞠,ケマリノマリ，キク,けまりのまり，きく
吉,キチトキョウノキチ，ヨシ,きちときょうのきち，よし
吃,ドモル，キツオンノキツ,どもる，きつおんのきつ
喫,キツエンスルノキツ,きつえんするのきつ
桔,キヘンニキチ，キキョウノイチモジメ,きへんにきち，ききょうのいちもじめ
橘,タチバナ，カンキツノキツ,たちばな，かんきつのきつ
詰,ツメル，キツモンノキツ,つめる，きつもんのきつ
砧,キヌタ，イシヘンニウラナウ,きぬた，いしへんにうらなう
杵,ウスキネノキネ,うすきねのきね
黍,コクモツノキビ，ショ,こくもつのきび，しょ
却,ヘンキャクスルノキャク,へんきゃくするのきゃく
客,オキャクノキャク,おきゃくのきゃく
脚,キャクホンノキャク，アシ,きゃくほんのきゃく，あし
虐,ギャクタイノギャク，シイタゲル,ぎゃくたいのぎゃく，しいたげる
逆,ギャクテンノギャク，サカサ,ぎゃくてんのぎゃく，さかさ
丘,サキュウノキュウ，オカ,さきゅうのきゅう，おか
久,エイキュウノキュウ，ヒサシイ,えいきゅうのきゅう，ひさしい
仇,アダ，キュウテキノキュウ,あだ，きゅうてきのきゅう
休,ヤスム，キュウジツノキュウ,やすむ，きゅうじつのきゅう
及,フキュウスルノキュウ，オヨブ,ふきゅうするのきゅう，およぶ
吸,コキュウスルノキュウ，スウ,こきゅうするのきゅう，すう
宮,オミヤマイリノミヤ，キュウ,おみやまいりのみや，きゅう
弓,ユミヤノユミ,ゆみやのゆみ
急,トッキュウノキュウ，イソグ,とっきゅうのきゅう，いそぐ
救,キュウジョノキュウ，スクウ,きゅうじょのきゅう，すくう
朽,ロウキュウカスルノキュウ，クチル,ろうきゅうかするのきゅう，くちる
求,ヨウキュウノキュウ，モトメル,ようきゅうのきゅう，もとめる
汲,クム，キュウキュウトスルノキュウ,くむ，きゅうきゅうとするのきゅう
泣,ナク，ゴウキュウスルノキュウ,なく，ごうきゅうするのきゅう
灸,オキュウヲスエルノキュウ,おきゅうをすえるのきゅう
球,チキュウノキュウ，タマ,ちきゅうのきゅう，たま
究,ケンキュウノキュウ,けんきゅうのきゅう
窮,キュウクツノキュウ，キワマル,きゅうくつのきゅう，きわまる
笈,オイ，タケカンムリニオヨブ,おい，たけかんむりにおよぶ
級,サイコウキュウノキュウ,さいこうきゅうのきゅう
糾,フンキュウスルノキュウ,ふんきゅうするのきゅう
給,キュウショクシツノキュウ,きゅうしょくしつのきゅう
旧,キュウレキノキュウ,きゅうれきのきゅう
牛,ウシ，ギュウニュウノギュウ,うし，ぎゅうにゅうのぎゅう
去,キョネンノキョ，サル,きょねんのきょ，さる
居,ジュウキョノキョ，イル,じゅうきょのきょ，いる
巨,キョダイナノキョ,きょだいなのきょ
拒,キョヒスルノキョ，コバム,きょひするのきょ，こばむ
拠,キョテンノキョ,きょてんのきょ
挙,センキョノキョ，アゲル,せんきょのきょ，あげる
渠,アンキョノキョ，ミゾ,あんきょのきょ，みぞ
虚,キョエイシンノキョ,きょえいしんのきょ
許,キョカスルノキョ，ユルス,きょかするのきょ，ゆるす
距,キョリノキョ,きょりのきょ
鋸,ノコギリ，キョ,のこぎり，きょ
漁,ギョコウノギョ,ぎょこうのぎょ
禦,ボウギョノギョノキュウジ,ぼうぎょのぎょのきゅうじ
魚,サカナ，キンギョノギョ,さかな，きんぎょのぎょ
亨,キョウ，ナベブタニクチニリョウ,きょう，なべぶたにくちにりょう
享,キョウラクテキノキョウ,きょうらくてきのきょう
京,トウキョウノキョウ,とうきょうのきょう
供,テイキョウスルノキョウ，ソナエル,ていきょうするのきょう，そなえる
侠,ニンキョウノキョウ,にんきょうのきょう
僑,チュウゴクノカキョウノキョウ,ちゅうごくのかきょうのきょう
兇,キョウダンニタオレルノキョウ，ヒトアシノキョウ,きょうだんにたおれるのきょう，ひとあしのきょう
競,キョウソウスルノキョウ，キソウ,きょうそうするのきょう，きそう
共,キョウツウノキョウ，トモ,きょうつうのきょう，とも
凶,キチトキョウノキョウ,きちときょうのきょう
協,キョウリョクスルノキョウ,きょうりょくするのきょう
匡,タダス，キョウ，ハコガメニオウ,ただす，きょう，はこがめにおう
卿,キョウ，スウキケイノケイ,きょう，すうきけいのけい
叫,サケブ，ゼッキョウノキョウ,さけぶ，ぜっきょうのきょう
喬,キョウボクノキョウ，タカシ,きょうぼくのきょう，たかし
境,コッキョウノキョウ，サカイ,こっきょうのきょう，さかい
峡,ツガルカイキョウノキョウ,つがるかいきょうのきょう
強,ベンキョウノキョウ，ツヨイ,べんきょうのきょう，つよい
彊,ジキョウジュツノキョウ，ツヨイ,じきょうじゅつのきょう，つよい
怯,ヒキョウモノノキョウ，オビエル,ひきょうもののきょう，おびえる
恐,キョウフノキョウ，オソロシイ,きょうふのきょう，おそろしい
恭,キョウジュンノキョウ，ウヤウヤシイ,きょうじゅんのきょう，うやうやしい
挟,ハサム，キョウ,はさむ，きょう
教,キョウカショノキョウ，オシエル,きょうかしょのきょう，おしえる
橋,ホドウキョウノキョウ，ハシ,ほどうきょうのきょう，はし
況,ジッキョウチュウケイノキョウ,じっきょうちゅうけいのきょう
狂,クルウ，キョウゲンノキョウ,くるう，きょうげんのきょう
狭,セマイ，キョウ,せまい，きょう
矯,キョウセイシリョクノキョウ,きょうせいしりょくのきょう
胸,キョウイノキョウ，ムネ,きょういのきょう，むね
脅,キョウハクノキョウ，オドス,きょうはくのきょう，おどす
興,キョウミノキョウ,きょうみのきょう
蕎,ショクブツノソバ，キョウ,しょくぶつのそば，きょう
郷,ウマレコキョウノキョウ,うまれこきょうのきょう
鏡,カガミ，ソウガンキョウノキョウ,かがみ，そうがんきょうのきょう
響,オンキョウノキョウ，ヒビク,おんきょうのきょう，ひびく
饗,キョウエンノキョウ，モテナス,きょうえんのきょう，もてなす
驚,オドロク，キョウタンノキョウ,おどろく，きょうたんのきょう
仰,ギョウテンスルノギョウ，アオグ,ぎょうてんするのぎょう，あおぐ
凝,コル，ギョウコスルノギョウ,こる，ぎょうこするのぎょう
尭,ギョウシュンノギョウ,ぎょうしゅんのぎょう
暁,アカツキ,あかつき
業,ジュギョウノギョウ,じゅぎょうのぎょう
局,ユウビンキョクノキョク,ゆうびんきょくのきょく
曲,キョクセンノキョク，マガル,きょくせんのきょく，まがる
極,ホッキョクノキョク,ほっきょくのきょく
玉,ミズタマノタマ，ギョク,みずたまのたま，ぎょく
桐,キリノタンスノキリ,きりのたんすのきり
粁,キョリノタンイノキロメートル,きょりのたんいのきろめーとる
僅,ワズカ，キンサノキン,わずか，きんさのきん
勤,キンムノキン,きんむのきん
均,ヘイキンノキン,へいきんのきん
巾,ゾウキンノキン，ハバ,ぞうきんのきん，はば
錦,ニシキ，キン,にしき，きん
斤,ショクパンイッキンノキン,しょくぱんいっきんのきん
欣,キンキジャクヤクノキン，ヨロコブ,きんきじゃくやくのきん，よろこぶ
欽,キンテイケンポウノキン,きんていけんぽうのきん
琴,モッキンノキン，コト,もっきんのきん，こと
禁,キンシスルノキン,きんしするのきん
禽,モウキンルイノキン,もうきんるいのきん
筋,キンニクノキン，スジ,きんにくのきん，すじ
緊,キンキュウノキン,きんきゅうのきん
芹,ショクブツノセリ,しょくぶつのせり
菌,サッキンスルノキン,さっきんするのきん
衿,エリ，コロモヘンニイマ,えり，ころもへんにいま
襟,エリマキノエリ,えりまきのえり
謹,キンガシンネンノキン,きんがしんねんのきん
近,キンジョノキン，チカイ,きんじょのきん，ちかい
金,キンヨウビノキン，カネ,きんようびのきん，かね
吟,ギンミスルノギン,ぎんみするのぎん
銀,ギンイロノギン,ぎんいろのぎん
九,カンスウジノキュウ,かんすうじのきゅう
倶,クラブノク,くらぶのく
句,ハイクノク,はいくのく
区,クベツノク,くべつのく
狗,テングノク，イヌ,てんぐのく，いぬ
玖,オウヘンニヒサシイノク,おうへんにひさしいのく
矩,クケイノク,くけいのく
苦,クロウノク，クルシイ,くろうのく，くるしい
躯,タイクノク，ミ,たいくのく，み
駆,ヨンリンクドウノク，カケル,よんりんくどうのく，かける
駈,カケル，ウマヘンニオカ,かける，うまへんにおか
駒,コマ，ウマヘンニハイクノク,こま，うまへんにはいくのく
具,ドウグノグ,どうぐのぐ
愚,グチノグ，オロカ,ぐちのぐ，おろか
虞,グビジンソウノグ,ぐびじんそうのぐ
喰,クチヘンニタベルノクウ,くちへんにたべるのくう
空,クウキノクウ，ソラ,くうきのくう，そら
偶,グウゼンノグウ,ぐうぜんのぐう
寓,グウワノグウ,ぐうわのぐう
遇,ユウグウスルノグウ,ゆうぐうするのぐう
隅,ヨスミノスミ，グウ,よすみのすみ，ぐう
串,クシカツノクシ,くしかつのくし
櫛,カミヲトカスクシ,かみをとかすくし
釧,クシロ，コンセンゲンヤノセン,くしろ，こんせんげんやのせん
屑,クズイレノクズ,くずいれのくず
屈,リクツノクツ,りくつのくつ
掘,ホル，ハックツノクツ,ほる，はっくつのくつ
窟,ドウクツノクツ,どうくつのくつ
沓,クツ，ミズノシタニヒ,くつ，みずのしたにひ
靴,クツシタノクツ，カ,くつしたのくつ，か
轡,クツワ,くつわ
窪,クボム，クボチノクボ,くぼむ，くぼちのくぼ
熊,ドウブツノクマ,どうぶつのくま
隈,クマ，カイワイノワイ,くま，かいわいのわい
粂,クメ，ヒサシイノシタニコメ,くめ，ひさしいのしたにこめ
栗,クリノキノクリ,くりのきのくり
繰,クル，クリカエシノクリ,くる，くりかえしのくり
桑,クワノキノクワ，ソウ,くわのきのくわ，そう
鍬,ノウグノクワ，カネヘンニアキ,のうぐのくわ，かねへんにあき
勲,クンショウノクン，イサオ,くんしょうのくん，いさお
君,ショクンノクン，キミ,しょくんのくん，きみ
薫,クンプウノクン，カオル,くんぷうのくん，かおる
訓,クンレンノクン,くんれんのくん
群,グンシュウノグン，ムレ,ぐんしゅうのぐん，むれ
軍,グンタイノグン,ぐんたいのぐん
郡,チメイノグン，コオリ,ちめいのぐん，こおり
卦,ハッケノケ,はっけのけ
袈,オボウサンノケサノケ,おぼうさんのけさのけ
祁,シメスヘンニオオザトノキ,しめすへんにおおざとのき
係,カンケイノケイ，カカリ,かんけいのけい，かかり
傾,カタムク，ケイコウノケイ,かたむく，けいこうのけい
刑,ケイムショノケイ,けいむしょのけい
兄,アニオトウトノアニ,あにおとうとのあに
啓,ケイハツノケイ,けいはつのけい
圭,ツチフタツノケイ,つちふたつのけい
珪,オウヘンニツチフタツノケイ，ケイソウドノケイ,おうへんにつちふたつのけい，けいそうどのけい
型,モケイノケイ，カタ,もけいのけい，かた
契,ケイヤクスルノケイ,けいやくするのけい
形,チョウホウケイノケイ，カタチ,ちょうほうけいのけい，かたち
径,エンノハンケイノケイ,えんのはんけいのけい
恵,メグム，チエノエ,めぐむ，ちえのえ
慶,ケイチョウキュウカノケイ，ヨロコブ,けいちょうきゅうかのけい，よろこぶ
慧,ケイガンノケイ，サトイ,けいがんのけい，さとい
憩,キュウケイノケイ，イコウ,きゅうけいのけい，いこう
掲,ケイジバンノケイ，カカゲル,けいじばんのけい，かかげる
携,ケイタイノケイ，タズサエル,けいたいのけい，たずさえる
敬,ソンケイノケイ，ウヤマウ,そんけいのけい，うやまう
景,フウケイノケイ,ふうけいのけい
桂,ゲッケイジュノケイ，カツラ,げっけいじゅのけい，かつら
渓,ケイリュウヅリノケイ,けいりゅうづりのけい
畦,アゼミチノアゼ，タニツチフタツ,あぜみちのあぜ，たにつちふたつ
稽,ケイコスル,けいこする
系,タイヨウケイノケイ,たいようけいのけい
経,ケイケンスルノケイ,けいけんするのけい
継,ケイゾクスルノケイ，ツグ,けいぞくするのけい，つぐ
繋,ケイリュウスルノケイ，ツナグ,けいりゅうするのけい，つなぐ
罫,ケイセンヲヒクノケイ,けいせんをひくのけい
茎,クキ，チカケイノケイ,くき，ちかけいのけい
荊,クサカンムリニケイムショノケイ，イバラ,くさかんむりにけいむしょのけい，いばら
蛍,ホタル，ケイコウトウノケイ,ほたる，けいこうとうのけい
計,トケイノケイ，ハカル,とけいのけい，はかる
詣,モウデル，サンケイスルノケイ,もうでる，さんけいするのけい
警,ケイサツノケイ,けいさつのけい
軽,カルイオモイノカルイ，ケイ,かるいおもいのかるい，けい
頚,クビ，ケイ,くび，けい
鶏,ニワトリ，ヨウケイノケイ,にわとり，ようけいのけい
芸,ゲイジュツノゲイ,げいじゅつのげい
迎,カンゲイスルノゲイ，ムカエル,かんげいするのげい，むかえる
鯨,クジラ，ホゲイノゲイ,くじら，ほげいのげい
劇,ニンギョウゲキノゲキ,にんぎょうげきのげき
戟,シゲキスルノゲキ，ホコ,しげきするのげき，ほこ
撃,コウゲキノゲキ，ウツ,こうげきのげき，うつ
激,カゲキノゲキ，ハゲシイ,かげきのげき，はげしい
隙,スキマノスキ，ゲキ,すきまのすき，げき
桁,ケタハズレノケタ,けたはずれのけた
傑,ゴウケツノケツ,ごうけつのけつ
欠,ホケツノケツ，カケル,ほけつのけつ，かける
決,タスウケツノケツ，キメル,たすうけつのけつ，きめる
潔,セイケツノケツ,せいけつのけつ
穴,アナヲホルノアナ,あなをほるのあな
結,ケツロンノケツ,けつろんのけつ
血,ケツエキノケツ，チ,けつえきのけつ，ち
訣,ケツベツノケツ，ワカレル,けつべつのけつ，わかれる
月,ゲツヨウビノゲツ，ツキ,げつようびのげつ，つき
件,ジョウケンノケン,じょうけんのけん
倹,ケンヤクスルノケン,けんやくするのけん
倦,ケンタイカンノケン，ウム,けんたいかんのけん，うむ
健,ケンコウノケン，スコヤカ,けんこうのけん，すこやか
兼,カネル，ケンギョウノケン,かねる，けんぎょうのけん
券,ジョウシャケンノケン,じょうしゃけんのけん
剣,ケンドウノケン，ツルギ,けんどうのけん，つるぎ
喧,ケンカリョウセイバイノケン,けんかりょうせいばいのけん
圏,シュトケンノケン,しゅとけんのけん
堅,ケンジツナノケン，カタイ,けんじつなのけん，かたい
嫌,キラウ，ケンオノケン,きらう，けんおのけん
建,ケンチクノケン，タテル,けんちくのけん，たてる
憲,ケンポウキネンビノケン,けんぽうきねんびのけん
懸,イッショウケンメイノケン，カケル,いっしょうけんめいのけん，かける
拳,ケンジュウノケン，コブシ,けんじゅうのけん，こぶし
捲,マクル，ケンドジュウライノケン,まくる，けんどじゅうらいのけん
検,ケンサノケン,けんさのけん
権,ケンリノケン,けんりのけん
牽,ケンインスルノケン,けんいんするのけん
犬,イヌ，モウドウケンノケン,いぬ，もうどうけんのけん
献,ケンケツスルノケン,けんけつするのけん
研,ケンキュウノケン,けんきゅうのけん
硯,スズリ,すずり
絹,キヌイトノキヌ,きぬいとのきぬ
県,トドウフケンノケン,とどうふけんのけん
肩,カタコリノカタ，ケン,かたこりのかた，けん
見,ミル，ケンブツノケン,みる，けんぶつのけん
謙,ケンソンスルノケン,けんそんするのけん
賢,ケンジャノケン，カシコイ,けんじゃのけん，かしこい
軒,イッケンヤノケン，ノキ,いっけんやのけん，のき
遣,ハケンスルノケン，ツカワス,はけんするのけん，つかわす
鍵,カギ，ケンバンノケン,かぎ，けんばんのけん
険,ボウケンノケン，ケワシイ,ぼうけんのけん，けわしい
顕,ケンビキョウノケン，アキラカ,けんびきょうのけん，あきらか
験,ニュウガクシケンノケン,にゅうがくしけんのけん
鹸,コナセッケンノケン,こなせっけんのけん
元,ゲンキノゲン，モト,げんきのげん，もと
原,ゲンインノゲン，ハラ,げんいんのげん，はら
厳,ゲンジュウナノゲン，キビシイ,げんじゅうなのげん，きびしい
幻,マボロシ，ゲンソウノゲン,まぼろし，げんそうのげん
弦,ゲンガッキノゲン，ツル,げんがっきのげん，つる
減,ゲンショウスルノゲン，ヘル,げんしょうするのげん，へる
源,スイゲンノゲン，ミナモト,すいげんのげん，みなもと
玄,ゲンマイノゲン,げんまいのげん
現,ゲンジツノゲン，アラワレル,げんじつのげん，あらわれる
絃,ゲン，イトヘンニゲンマイノゲン,げん，いとへんにげんまいのげん
舷,ウゲンサゲンノゲン，フナバタ,うげんさげんのげん，ふなばた
言,ゲンゴノゲン，イウ,げんごのげん，いう
諺,コトワザ，ゲン,ことわざ，げん
限,ゲンカイノゲン，カギル,げんかいのげん，かぎる
乎,コ，ヨブノツクリ,こ，よぶのつくり
個,コセイテキノコ,こせいてきのこ
古,フルイ，コダイノコ,ふるい，こだいのこ
呼,コキュウスルノコ，ヨブ,こきゅうするのこ，よぶ
固,コタイノコ，カタイ,こたいのこ，かたい
姑,コソクノコ，シュウトメ,こそくのこ，しゅうとめ
孤,コドクノコ,こどくのこ
己,ジコショウカイノコ，オノレ,じこしょうかいのこ，おのれ
庫,レイゾウコノコ,れいぞうこのこ
弧,コヲエガクノコ,こをえがくのこ
戸,トジマリノト，コ,とじまりのと，こ
故,コキョウノコ，ユエ,こきょうのこ，ゆえ
枯,カレル，コカツスルノコ,かれる，こかつするのこ
湖,コハンノコ，ミズウミ,こはんのこ，みずうみ
狐,キツネ,きつね
糊,ノリヅケノノリ，コ,のりづけののり，こ
袴,ハオリハカマノハカマ,はおりはかまのはかま
股,コカンセツノコ，マタ,こかんせつのこ，また
胡,クロコショウノコ,くろこしょうのこ
菰,コモカブリノコモ，クサカンムリニコドクノコ,こもかぶりのこも，くさかんむりにこどくのこ
虎,トラ，モウコノコ,とら，もうこのこ
誇,ホコリ，コチョウスルノコ,ほこり，こちょうするのこ
跨,コセンキョウノコ，マタグ,こせんきょうのこ，またぐ
鈷,カネヘンニフルイノコ,かねへんにふるいのこ
雇,ヤトウ，コヨウスルノコ,やとう，こようするのこ
顧,コモンノコ，カエリミル,こもんのこ，かえりみる
鼓,タイコノコ，ツヅミ,たいこのこ，つづみ
五,カンスウジノゴ,かんすうじのご
互,ゴカクノゴ，タガイ,ごかくのご，たがい
伍,ラクゴスルノゴ，ニンベンニカンスウジノゴ,らくごするのご，にんべんにかんすうじのご
午,ショウゴノゴ,しょうごのご
呉,ゴフクヤノゴ，クレ,ごふくやのご，くれ
吾,ワレ，ゴ，カンスウジノゴノシタニクチ,われ，ご，かんすうじのごのしたにくち
娯,ゴラクノゴ,ごらくのご
後,ウシロ，ゼンゴノゴ,うしろ，ぜんごのご
御,オンチュウノオン，ゴハンノゴ,おんちゅうのおん，ごはんのご
悟,サトル，カクゴノゴ,さとる，かくごのご
梧,ゴ，キヘンニワレ，アオギリ,ご，きへんにわれ，あおぎり
檎,リンゴノゴ,りんごのご
瑚,サンゴショウノゴ,さんごしょうのご
碁,ゴイシノゴ,ごいしのご
語,コクゴノゴ，カタル,こくごのご，かたる
誤,ゴカイスルノゴ，アヤマリ,ごかいするのご，あやまり
護,ホゴシャノゴ,ほごしゃのご
醐,ダイゴミノゴ,だいごみのご
乞,コウ，アマゴイスルノコウ,こう，あまごいするのこう
鯉,コイノボリノコイ,こいのぼりのこい
交,コウツウノコウ，マジワル,こうつうのこう，まじわる
佼,ニンベンニマジワルノコウ,にんべんにまじわるのこう
侯,オウコウキゾクノコウ,おうこうきぞくのこう
候,リッコウホノコウ,りっこうほのこう
倖,ギョウコウノコウ，ニンベンニサチ,ぎょうこうのこう，にんべんにさち
光,ヒカリ，ニッコウノコウ,ひかり，にっこうのこう
公,シュジンコウノコウ，オオヤケ,しゅじんこうのこう，おおやけ
功,フセイコウノコウ,ふせいこうのこう
効,コウカテキノコウ,こうかてきのこう
勾,キュウコウバイノコウ,きゅうこうばいのこう
厚,アツガミノアツ,あつがみのあつ
口,クチブエノクチ，コウ,くちぶえのくち，こう
向,コウジョウスルノコウ，ムカウ,こうじょうするのこう，むかう
后,コウゴウノゴウ，キサキ,こうごうのごう，きさき
喉,ノドボトケノノド，コウ,のどぼとけののど，こう
坑,タンコウノコウ，アナ,たんこうのこう，あな
垢,テアカノアカ，コウ,てあかのあか，こう
好,ダイスキノスキ，コウ,だいすきのすき，こう
孔,コウシモウシノコウ,こうしもうしのこう
孝,オヤフコウノコウ,おやふこうのこう
宏,ウカンムリニナムノコウ,うかんむりになむのこう
工,ズコウノコウ,ずこうのこう
巧,ギコウテキナノコウ，タクミ,ぎこうてきなのこう，たくみ
巷,チマタノコエノチマタ，コウ,ちまたのこえのちまた，こう
幸,コウフクノコウ，シアワセ,こうふくのこう，しあわせ
広,ヒロバノヒロ，コウ,ひろばのひろ，こう
庚,コウシンヅカノコウ，カノエ,こうしんづかのこう，かのえ
康,ケンコウノコウ，イエヤスノヤス,けんこうのこう，いえやすのやす
弘,コウボウタイシノコウ，ヒロイ,こうぼうたいしのこう，ひろい
恒,コウオンドウブツノコウ，ツネニ,こうおんどうぶつのこう，つねに
慌,アワテル，キョウコウノコウ,あわてる，きょうこうのこう
抗,テイコウスルノコウ,ていこうするのこう
拘,コウソクジカンノコウ,こうそくじかんのこう
控,コウジョスルノコウ，ヒカエル,こうじょするのこう，ひかえる
攻,コウゲキノコウ，セメル,こうげきのこう，せめる
昂,ゲキコウスルノコウ,げきこうするのこう
晃,ニチヨウビノニチノシタニヒカリ，アキラ,にちようびのにちのしたにひかり，あきら
更,ヘンコウノコウ，サラニ,へんこうのこう，さらに
杭,クイヲウツノクイ,くいをうつのくい
校,ガッコウノコウ,がっこうのこう
梗,ノウコウソクノコウ,のうこうそくのこう
構,コウゾウノコウ，カマエル,こうぞうのこう，かまえる
江,エドジダイノエ,えどじだいのえ
洪,コウズイノコウ,こうずいのこう
浩,コウゼンノコウ，サンズイニツゲル,こうぜんのこう，さんずいにつげる
港,クウコウノコウ，ミナト,くうこうのこう，みなと
溝,ミゾ，ハイスイコウノコウ,みぞ，はいすいこうのこう
甲,コウオツノコウ,こうおつのこう
皇,コウタイシノコウ,こうたいしのこう
硬,ヒャクエンコウカノコウ，カタイ,ひゃくえんこうかのこう，かたい
稿,ゲンコウヨウシノコウ,げんこうようしのこう
糠,ヌカヅケノヌカ,ぬかづけのぬか
紅,コウチャノコウ，ベニ,こうちゃのこう，べに
紘,ハッコウイチウノコウ,はっこういちうのこう
絞,シボル，コウシュケイノコウ,しぼる，こうしゅけいのこう
綱,ツナヒキノツナ，コウ,つなひきのつな，こう
耕,タガヤス，ノウコウノコウ,たがやす，のうこうのこう
考,カンガエル，サンコウショノコウ,かんがえる，さんこうしょのこう
肯,コウテイヒテイノコウ,こうていひていのこう
肱,ココウノシンノコウ，ヒジ,ここうのしんのこう，ひじ
腔,コウクウゲカノクウ，ニクヅキニソラ,こうくうげかのくう，にくづきにそら
膏,ナンコウヲヌルノコウ,なんこうをぬるのこう
航,コウクウキノコウ,こうくうきのこう
荒,アレル，コウヤノコウ,あれる，こうやのこう
行,リョコウノコウ，イク,りょこうのこう，いく
衡,ヘイコウカンカクノコウ,へいこうかんかくのこう
講,コウシュウカイノコウ,こうしゅうかいのこう
貢,シャカイコウケンスルノコウ，ミツグ,しゃかいこうけんするのこう，みつぐ
購,コウニュウスルノコウ,こうにゅうするのこう
郊,トウキョウキンコウノコウ,とうきょうきんこうのこう
酵,コウボキンノコウ,こうぼきんのこう
鉱,テッコウセキノコウ,てっこうせきのこう
砿,イシヘンニヒロイノコウ,いしへんにひろいのこう
鋼,コウテツノコウ，ハガネ,こうてつのこう，はがね
閤,タイコウキノコウ,たいこうきのこう
降,ユキガフルノフル，コウ,ゆきがふるのふる，こう
項,コウモクノコウ，キョウツウコウノコウ,こうもくのこう，きょうつうこうのこう
香,コウシンリョウノコウ，カオリ,こうしんりょうのこう，かおり
高,タカイ，サイコウノコウ,たかい，さいこうのこう
鴻,コウコクノココロザシノコウ，オオトリ,こうこくのこころざしのこう，おおとり
剛,シツジツゴウケンノゴウ,しつじつごうけんのごう
劫,ミライエイゴウノゴウ,みらいえいごうのごう
号,バンゴウノゴウ,ばんごうのごう
合,ゴウカクノゴウ，アウ,ごうかくのごう，あう
壕,ボウクウゴウノゴウ,ぼうくうごうのごう
拷,ゴウモンスルノゴウ,ごうもんするのごう
濠,ゴウ，サンズイニゴウカイナノゴウ,ごう，さんずいにごうかいなのごう
豪,ゴウカイナノゴウ,ごうかいなのごう
轟,ゴウオンノゴウ，トドロク,ごうおんのごう，とどろく
麹,コウジキンノコウジ,こうじきんのこうじ
克,コクフクスルノコク，カツ,こくふくするのこく，かつ
刻,ジコクノコク，キザム,じこくのこく，きざむ
告,コウコクノコク，ツゲル,こうこくのこく，つげる
国,コクゴノコク，クニ,こくごのこく，くに
穀,コクモツノコク,こくもつのこく
酷,ザンコクノコク，ヒドイ,ざんこくのこく，ひどい
鵠,コウコクノココロザシノコク,こうこくのこころざしのこく
黒,コクバンノコク，クロ,こくばんのこく，くろ
獄,ジゴクノゴク,じごくのごく
漉,チャコシノコス,ちゃこしのこす
腰,ヨウツウノヨウ，コシ,ようつうのよう，こし
甑,モノヲムスコシキ,ものをむすこしき
忽,コツゼンノコツ，タチマチ,こつぜんのこつ，たちまち
惚,ホレル，コウコツノコツ,ほれる，こうこつのこつ
骨,ガイコツノコツ，ホネ,がいこつのこつ，ほね
狛,コマイヌノコマ，ケモノヘンニシロ,こまいぬのこま，けものへんにしろ
込,モウシコムノコム,もうしこむのこむ
此,ヒガンシガンノシ，コノ,ひがんしがんのし，この
頃,コロアイノコロ,ころあいのころ
今,コンゲツノコン，イマ,こんげつのこん，いま
困,コンナンノコン，コマル,こんなんのこん，こまる
坤,ケンコンノコン，ツチヘンニモウス,けんこんのこん，つちへんにもうす
墾,カイコンチノコン,かいこんちのこん
婚,ケッコンスルノコン,けっこんするのこん
恨,ウラミ，ツウコンノコン,うらみ，つうこんのこん
懇,コンシンカイノコン，ネンゴロ,こんしんかいのこん，ねんごろ
昏,コンスイスルノコン,こんすいするのこん
昆,コンチュウノコン,こんちゅうのこん
根,ダイコンノコン，ネ,だいこんのこん，ね
梱,コンポウスルノコン,こんぽうするのこん
混,コンザツノコン,こんざつのこん
痕,コンセキヲノコスノコン,こんせきをのこすのこん
紺,コンイロノコン,こんいろのこん
艮,ウシトラノコン,うしとらのこん
魂,タマシイ，シンコンノコン,たましい，しんこんのこん
些,ササイノサ，イササカ,ささいのさ，いささか
佐,ホサスルノサ,ほさするのさ
叉,ヤシャノシャ,やしゃのしゃ
唆,シサスルノサ,しさするのさ
嵯,サガテンノウノサ,さがてんのうのさ
左,ヒダリ，サユウノサ,ひだり，さゆうのさ
差,サベツカスルノサ,さべつかするのさ
査,ケンサノサ,けんさのさ
沙,ゴブサタノサ，サンズイニスクナイ,ごぶさたのさ，さんずいにすくない
瑳,セッサタクマノサ，オウヘンニサ,せっさたくまのさ，おうへんにさ
砂,サトウノサ，スナ,さとうのさ，すな
詐,サギシノサ,さぎしのさ
鎖,サコクノサ，クサリ,さこくのさ，くさり
裟,オボウサンノケサノサ,おぼうさんのけさのさ
坐,ザセキノザカラマダレヲトッタザ，スワル,ざせきのざからまだれをとったざ，すわる
座,ザセキノザ，スワル,ざせきのざ，すわる
挫,ネンザノザ，クジク,ねんざのざ，くじく
債,サイムヲオウノサイ,さいむをおうのさい
催,モヨオス，カイサイノサイ,もよおす，かいさいのさい
再,フタタビ，サイ,ふたたび，さい
最,サイショノサイ，モットモ,さいしょのさい，もっとも
哉,ゼンザイノサイ，カナ,ぜんざいのさい，かな
塞,ノウコウソクノソク，フサガル,のうこうそくのそく，ふさがる
妻,フサイノサイ，ツマ,ふさいのさい，つま
宰,ソウリヲイミスルサイショウノサイ,そうりをいみするさいしょうのさい
彩,シキサイノサイ，イロドル,しきさいのさい，いろどる
才,サイノウノサイ,さいのうのさい
採,サイヨウノサイ，トル,さいようのさい，とる
栽,サイバイスルノサイ,さいばいするのさい
歳,サイゲツノサイ，トシ,さいげつのさい，とし
済,キュウサイスルノサイ，スマス,きゅうさいするのさい，すます
災,サイナンノサイ，ワザワイ,さいなんのさい，わざわい
采,ハクシュカッサイノサイ,はくしゅかっさいのさい
犀,ドウブツノサイ,どうぶつのさい
砕,クダク，フンサイスルノサイ,くだく，ふんさいするのさい
砦,トリデ，コレノシタニイシ,とりで，これのしたにいし
祭,サイジツノサイ，マツリ,さいじつのさい，まつり
斎,ショサイニコモルノサイ,しょさいにこもるのさい
細,ホソイフトイノホソイ，サイ,ほそいふといのほそい，さい
菜,ヤサイノサイ，ナ,やさいのさい，な
裁,サイバンノサイ，サバク,さいばんのさい，さばく
載,レンサイノサイ，ノセル,れんさいのさい，のせる
際,ジッサイノサイ,じっさいのさい
剤,ヤクザイシノザイ,やくざいしのざい
在,ソンザイノザイ,そんざいのざい
材,ザイリョウノザイ,ざいりょうのざい
罪,ハンザイノザイ，ツミ,はんざいのざい，つみ
財,ザイサンノザイ,ざいさんのざい
冴,メガサエルノサエル,めがさえるのさえる
坂,サカミチノサカ,さかみちのさか
阪,オオサカノサカ，ハン,おおさかのさか，はん
堺,オオサカフサカイシノサカイ,おおさかふさかいしのさかい
榊,ショクブツノサカキ，キヘンニカミサマノカミ,しょくぶつのさかき，きへんにかみさまのかみ
肴,シュコウノコウ，サカナ,しゅこうのこう，さかな
咲,ハナガサクノサク,はながさくのさく
崎,ナガサキノサキ,ながさきのさき
埼,サイタマケンノイチモジメノサキ,さいたまけんのいちもじめのさき
碕,イシヘンニキミョウナノキ,いしへんにきみょうなのき
鷺,シラサギノサギ,しらさぎのさぎ
作,サクブンノサク，ツクル,さくぶんのさく，つくる
削,サクゲンスルノサク，ケズル,さくげんするのさく，けずる
咋,サクネンノサクノヒヘンノカワリニクチヘン,さくねんのさくのひへんのかわりにくちへん
搾,サクシュノサク，シボル,さくしゅのさく，しぼる
昨,サクネンノサク,さくねんのさく
朔,サクジツノサク，ツイタチ,さくじつのさく，ついたち
柵,サクデカコムノサク,さくでかこむのさく
窄,シヤキョウサクノサク，スボマル,しやきょうさくのさく，すぼまる
策,サクリャクノサク,さくりゃくのさく
索,サクインノサク,さくいんのさく
錯,サクランスルノサク,さくらんするのさく
桜,サクラ,さくら
鮭,サケ，サカナヘンニツチフタツ,さけ，さかなへんにつちふたつ
笹,ショクブツノササ,しょくぶつのささ
匙,サジカゲンノサジ,さじかげんのさじ
冊,イッサツニサツノサツ,いっさつにさつのさつ
刷,インサツノサツ，スル,いんさつのさつ，する
察,ケイサツノサツ,けいさつのさつ
拶,アイサツノサツ,あいさつのさつ
撮,サツエイスルノサツ，トル,さつえいするのさつ，とる
擦,マサツノサツ，スル,まさつのさつ，する
札,ナフダノフダ，サツ,なふだのふだ，さつ
殺,サツジンノサツ，コロス,さつじんのさつ，ころす
薩,サツマハンノサツ,さつまはんのさつ
雑,ザツオンノザツ,ざつおんのざつ
皐,ショクブツノサツキ,しょくぶつのさつき
鯖,サバ，サカナヘンニアオ,さば，さかなへんにあお
捌,ウリサバクノサバク，テヘンニワカレル,うりさばくのさばく，てへんにわかれる
錆,サビドメノサビ,さびどめのさび
鮫,サメ，サカナヘンニマジワル,さめ，さかなへんにまじわる
皿,サラウドンノサラ,さらうどんのさら
晒,サラシモメンノサラシ,さらしもめんのさらし
三,カンスウジノサン,かんすうじのさん
傘,ラッカサンノサン，カサ,らっかさんのさん，かさ
参,サンカスルノサン，マイル,さんかするのさん，まいる
山,ヤマ，サンミャクノサン,やま，さんみゃくのさん
惨,ザンパイスルノザン，ミジメ,ざんぱいするのざん，みじめ
撒,ミズヲマクノマク，サン,みずをまくのまく，さん
散,サンポノサン，チル,さんぽのさん，ちる
桟,サンバシノサン,さんばしのさん
燦,サンゼントカガヤクノサン,さんぜんとかがやくのさん
珊,サンゴショウノサン,さんごしょうのさん
産,ザイサンノサン,ざいさんのさん
算,サンスウノサン,さんすうのさん
纂,ジショヲヘンサンスルノサン,じしょをへんさんするのさん
蚕,ヨウサンノサン，カイコ,ようさんのさん，かいこ
讃,ゴンベンノツイタサンビカノサン,ごんべんのついたさんびかのさん
賛,サンセイスルノサン,さんせいするのさん
酸,サンソノサン,さんそのさん
餐,バンサンノサン,ばんさんのさん
斬,ザンシンナノザン，キル,ざんしんなのざん，きる
暫,ザンテイテキノザン，シバラク,ざんていてきのざん，しばらく
残,ザンネンノザン，ノコル,ざんねんのざん，のこる
仕,シゴトノシ，ツカエル,しごとのし，つかえる
仔,シサイナノシ，ニンベンニコドモノコ,しさいなのし，にんべんにこどものこ
伺,シンタイウカガイノウカガイ,しんたいうかがいのうかがい
使,シヨウスルノシ，ツカウ,しようするのし，つかう
刺,シゲキスルノシ，サス,しげきするのし，さす
司,シカイシャノシ,しかいしゃのし
史,レキシテキノシ,れきしてきのし
嗣,ヨツギノツギ，セイシノシ,よつぎのつぎ，せいしのし
四,カンスウジノヨン,かんすうじのよん
士,ベンゴシノシ,べんごしのし
始,カイシスルノシ，ハジメル,かいしするのし，はじめる
姉,アネ，シマイノシ,あね，しまいのし
姿,スガタ，シセイノシ,すがた，しせいのし
子,コドモノコ,こどものこ
屍,シカバネ,しかばね
市,シヤクショノシ，イチ,しやくしょのし，いち
師,ボクシノシ,ぼくしのし
志,ココロザス，イシノシ,こころざす，いしのし
思,フシギノシ，オモウ,ふしぎのし，おもう
指,シドウスルノシ，ユビ,しどうするのし，ゆび
支,シエンスルノシ，ササエル,しえんするのし，ささえる
孜,ツトム，コヘンニノブン,つとむ，こへんにのぶん
斯,シカイノケンイノシ，カク,しかいのけんいのし，かく
施,シセツノシ，ホドコス,しせつのし，ほどこす
旨,ロンシヲノベルノシ，ムネ,ろんしをのべるのし，むね
枝,キノエダノエダ,きのえだのえだ
止,キンシスルノシ，トメル,きんしするのし，とめる
死,シボウノシ，シヌ,しぼうのし，しぬ
氏,シメイノシ，ウジ,しめいのし，うじ
獅,シシマイノイチモジメノシ,ししまいのいちもじめのし
祉,シャカイフクシノシ,しゃかいふくしのし
私,シテツノシ，ワタシ,してつのし，わたし
糸,ケイトノイト，シ,けいとのいと，し
紙,ガヨウシノシ，カミ,がようしのし，かみ
紫,シガイセンノシ，ムラサキ,しがいせんのし，むらさき
肢,センタクシノシ,せんたくしのし
脂,シボウノシ，アブラ,しぼうのし，あぶら
至,シキュウノシ，イタル,しきゅうのし，いたる
視,シリョクケンサノシ,しりょくけんさのし
詞,サクシサッキョクノシ,さくしさっきょくのし
詩,シヲツクルノシ,しをつくるのし
試,シアイノシ，ココロミル,しあいのし，こころみる
誌,ザッシノシ,ざっしのし
諮,シモンスルノシ，ハカル,しもんするのし，はかる
資,シゲンノシ,しげんのし
賜,オンシノシ，タマワル,おんしのし，たまわる
雌,オスメスノメス，シ,おすめすのめす，し
飼,シイクノシ，カウ,しいくのし，かう
歯,ハブラシノハ，シ,はぶらしのは，し
事,ジケンノジ，コト,じけんのじ，こと
似,ルイジノジ，ニル,るいじのじ，にる
侍,ジジュウノジ，サムライ,じじゅうのじ，さむらい
児,ジドウセイトノジ,じどうせいとのじ
字,ローマジノジ,ろーまじのじ
寺,テラ，ジインノジ,てら，じいんのじ
慈,ジヒブカイノジ，イツクシム,じひぶかいのじ，いつくしむ
持,ジゾクスルノジ，モツ,じぞくするのじ，もつ
時,ジカンノジ，トキ,じかんのじ，とき
次,モクジノジ，ツギ,もくじのじ，つぎ
滋,ジヨウキョウソウノジ,じようきょうそうのじ
治,セイジノジオサメル,せいじのじおさめる
爾,ソツジナガラノジ，ナンジ,そつじながらのじ，なんじ
璽,ギョメイギョジノジ,ぎょめいぎょじのじ
痔,イボジノジ,いぼじのじ
磁,ジシャクノジ,じしゃくのじ
示,テンジスルノジ，シメス,てんじするのじ，しめす
而,シコウシテ，ケイジジョウノジ,しこうして，けいじじょうのじ
耳,ミミ，ジビカノジ,みみ，じびかのじ
自,ジテンシャノジ，ミズカラ,じてんしゃのじ，みずから
蒔,タネヲマクノマク,たねをまくのまく
辞,コクゴジテンノジ,こくごじてんのじ
汐,チョウセキノセキ，シオ,ちょうせきのせき，しお
鹿,ドウブツノシカ,どうぶつのしか
式,ニュウガクシキノシキ,にゅうがくしきのしき
識,チシキノシキ,ちしきのしき
鴫,シギヤキノシギ,しぎやきのしぎ
竺,テンジクノジク,てんじくのじく
軸,カケジクノジク,かけじくのじく
宍,シシ，ウカンムリニカンスウジノロク,しし，うかんむりにかんすうじのろく
雫,シズク，アメカンムリニシタ,しずく，あめかんむりにした
七,カンスウジノナナ,かんすうじのなな
叱,シカル，シッセキスルノシツ,しかる，しっせきするのしつ
執,シツジノシツ，トル,しつじのしつ，とる
失,シツレンノシツウシナウ,しつれんのしつうしなう
嫉,シットスルノシツ，ソネム,しっとするのしつ，そねむ
室,キョウシツノシツ,きょうしつのしつ
悉,シッカイノシツ，コトゴトク,しっかいのしつ，ことごとく
湿,シツドノシツ，シメル,しつどのしつ，しめる
漆,ウルシヌリノウルシ，シツ,うるしぬりのうるし，しつ
疾,シッペイノシツ,しっぺいのしつ
質,シツモンノシツ,しつもんのしつ
実,ジツリョクノジツ，ミ,じつりょくのじつ，み
蔀,シトミ，クサカンムリニブチョウノブ,しとみ，くさかんむりにぶちょうのぶ
篠,シノダケノシノ,しのだけのしの
偲,コジンヲシノブノシノブ,こじんをしのぶのしのぶ
柴,シバイヌノシバ，タキギノシバ,しばいぬのしば，たきぎのしば
芝,シバフノシバ,しばふのしば
屡,シバシバ,しばしば
蕊,メシベノシベ，ズイ,めしべのしべ，ずい
縞,シマモヨウノシマ,しまもようのしま
舎,ガッコウノコウシャノシャ,がっこうのこうしゃのしゃ
写,シャシンノシャ，ウツス,しゃしんのしゃ，うつす
射,ハンシャノシャ,はんしゃのしゃ
捨,シシャゴニュウノシャ，ステル,ししゃごにゅうのしゃ，すてる
赦,オンシャノシャ，ユルス,おんしゃのしゃ，ゆるす
斜,ナナメ，シャメンノシャ,ななめ，しゃめんのしゃ
煮,ニモノノニ，シャフツノシャ,にもののに，しゃふつのしゃ
社,シャカイノシャ，ヤシロ,しゃかいのしゃ，やしろ
紗,オリモノノシャ，イトヘンニスクナイ,おりもののしゃ，いとへんにすくない
者,ガクシャノシャ，モノ,がくしゃのしゃ，もの
謝,カンシャスルノシャ,かんしゃするのしゃ
車,クルマ，デンシャノシャ,くるま，でんしゃのしゃ
遮,シャダンスルノシャ，サエギル,しゃだんするのしゃ，さえぎる
蛇,ヘビ，ダイジャノジャ,へび，だいじゃのじゃ
邪,ジャマノジャ，ヨコシマ,じゃまのじゃ，よこしま
借,シャクヨウノシャクカリル,しゃくようのしゃくかりる
勺,ヨウセキノタンイノシャク，ツツミガマエニテン,ようせきのたんいのしゃく，つつみがまえにてん
尺,シャクハチノシャク,しゃくはちのしゃく
杓,シャクシジョウギノシャク,しゃくしじょうぎのしゃく
灼,シャクネツノシャク,しゃくねつのしゃく
爵,ハクシャクノシャク,はくしゃくのしゃく
酌,バンシャクノシャク,ばんしゃくのしゃく
釈,シャクホウスルノシャク,しゃくほうするのしゃく
錫,キンゾクノスズ，シャク,きんぞくのすず，しゃく
若,ワカモノノワカ,わかもののわか
寂,セイジャクノジャク，サビシイ,せいじゃくのじゃく，さびしい
弱,キョウジャクノジャク，ヨワイ,きょうじゃくのじゃく，よわい
惹,ジャッキスルノジャク，ヒク,じゃっきするのじゃく，ひく
主,シュジンコウノシュ，ヌシ,しゅじんこうのしゅ，ぬし
取,シュザイノシュ，トル,しゅざいのしゅ，とる
守,シュビノシュ，マモル,しゅびのしゅ，まもる
手,テアシノテ，シュ,てあしのて，しゅ
朱,シュイロノシュ,しゅいろのしゅ
殊,トクシュノシュ，コトニ,とくしゅのしゅ，ことに
狩,シュリョウノシュ，カリ,しゅりょうのしゅ，かり
珠,シュザンノシュ，タマ,しゅざんのしゅ，たま
種,シュルイノシュ，タネ,しゅるいのしゅ，たね
腫,シュヨウノシュ，ハレル,しゅようのしゅ，はれる
趣,シュミノシュ，オモムキ,しゅみのしゅ，おもむき
酒,サケ，ニホンシュノシュ,さけ，にほんしゅのしゅ
首,シュトノシュ，クビ,しゅとのしゅ，くび
儒,ジュガクノジュ,じゅがくのじゅ
受,ジュケンノジュ，ウケル,じゅけんのじゅ，うける
呪,ノロウ，ジュモンノジュ,のろう，じゅもんのじゅ
寿,コトブキ，ジュミョウノジュ,ことぶき，じゅみょうのじゅ
授,ジュギョウノジュ，サズケル,じゅぎょうのじゅ，さずける
樹,ジュモクノジュ,じゅもくのじゅ
綬,シジュホウショウノジュ，イトヘンニウケル,しじゅほうしょうのじゅ，いとへんにうける
需,ヒツジュヒンノジュ,ひつじゅひんのじゅ
囚,シュウジンノシュウ，トラワレル,しゅうじんのしゅう，とらわれる
収,シュウニュウノシュウ，オサメル,しゅうにゅうのしゅう，おさめる
周,シュウヘンノシュウ，マワリ,しゅうへんのしゅう，まわり
宗,シュウキョウカイカクノシュウ,しゅうきょうかいかくのしゅう
就,シュウショクノシュウ，ツク,しゅうしょくのしゅう，つく
州,キュウシュウチホウノシュウ,きゅうしゅうちほうのしゅう
修,シュウリスルノシュウ,しゅうりするのしゅう
愁,アイシュウノシュウ，ウレイ,あいしゅうのしゅう，うれい
拾,オカネヲヒロウノヒロウ,おかねをひろうのひろう
洲,サンカクスノス，サンズイツキ,さんかくすのす，さんずいつき
秀,シュウサイノシュウ，ヒイデル,しゅうさいのしゅう，ひいでる
秋,アキマツリノアキ，シュウ,あきまつりのあき，しゅう
終,シュウギョウシキノシュウ，オワル,しゅうぎょうしきのしゅう，おわる
繍,シシュウスルノシュウ,ししゅうするのしゅう
習,レンシュウノシュウ，ナラウ,れんしゅうのしゅう，ならう
臭,クサイ，アクシュウ,くさい，あくしゅう
舟,ゴエツドウシュウノシュウ，フネ,ごえつどうしゅうのしゅう，ふね
蒐,クサカンムリニオニノシュウ,くさかんむりにおにのしゅう
衆,シュウギインノシュウ,しゅうぎいんのしゅう
襲,シュウゲキノシュウ，オソウ,しゅうげきのしゅう，おそう
讐,フクシュウスルノシュウ，アダ,ふくしゅうするのしゅう，あだ
蹴,ケル，シュウキュウノシュウ,ける，しゅうきゅうのしゅう
輯,ヘンシュウノシュウ，クルマヘンニクチニミミ,へんしゅうのしゅう，くるまへんにくちにみみ
週,イッシュウカンノシュウ,いっしゅうかんのしゅう
酋,シュウチョウノシュウ,しゅうちょうのしゅう
酬,ホウシュウノシュウ,ほうしゅうのしゅう
集,シュウゴウスルノシュウ，アツマル,しゅうごうするのしゅう，あつまる
醜,シュウタイノシュウ，ミニクイ,しゅうたいのしゅう，みにくい
什,ジュウキノジュウ，ニンベンニカンスウジノジュウ,じゅうきのじゅう，にんべんにかんすうじのじゅう
住,ジュウショノジュウ，スム,じゅうしょのじゅう，すむ
充,ジュウジツノジュウ,じゅうじつのじゅう
十,カンスウジノジュウ,かんすうじのじゅう
従,ジュウジスルノジュウ，シタガウ,じゅうじするのじゅう，したがう
戎,エビス，ホコガマエノジュウ,えびす，ほこがまえのじゅう
柔,ジュウドウノジュウ，ヤワラカイ,じゅうどうのじゅう，やわらかい
汁,ミソシルノシル，カジュウノジュウ,みそしるのしる，かじゅうのじゅう
渋,ジュウタイスルノジュウ，シブイ,じゅうたいするのじゅう，しぶい
獣,ヤジュウノジュウ，ケモノ,やじゅうのじゅう，けもの
縦,タテヨコノタテ，ジュウ,たてよこのたて，じゅう
重,タイジュウノジュウ，オモイ,たいじゅうのじゅう，おもい
銃,ケンジュウウノジュウ,けんじゅううのじゅう
叔,オジオバノシュク,おじおばのしゅく
夙,ツトニ，シュク,つとに，しゅく
宿,シュクハクノシュク，ヤド,しゅくはくのしゅく，やど
淑,シュクジョノシュク,しゅくじょのしゅく
祝,シュクジツノシュク，イワウ,しゅくじつのしゅく，いわう
縮,タンシュクノシュク，チヂム,たんしゅくのしゅく，ちぢむ
粛,ゲンシュクナノシュク,げんしゅくなのしゅく
塾,ガクシュウジュクノジュク,がくしゅうじゅくのじゅく
熟,ジュクゴノジュク，ジュクスル,じゅくごのじゅく，じゅくする
出,デル，ガイシュツノシュツ,でる，がいしゅつのしゅつ
術,ゲイジュツノジュツ,げいじゅつのじゅつ
述,ジュツゴノジュツ，ノベル,じゅつごのじゅつ，のべる
俊,シュンビンサノシュン,しゅんびんさのしゅん
峻,キュウシュンナノシュン,きゅうしゅんなのしゅん
春,ハルヤスミノハル，シュン,はるやすみのはる，しゅん
瞬,シュンカンノシュン，マタタク,しゅんかんのしゅん，またたく
竣,シュンコウシキノシュン,しゅんこうしきのしゅん
舜,ギョウシュンノシュン,ぎょうしゅんのしゅん
駿,シュンメノシュン,しゅんめのしゅん
准,ヒジュンスルノジュン,ひじゅんするのじゅん
循,アクジュンカンノジュン,あくじゅんかんのじゅん
旬,ゲジュンノジュン,げじゅんのじゅん
楯,キヘンニムジュンノジュン，タテ,きへんにむじゅんのじゅん，たて
殉,ジュンキョウシャノジュン,じゅんきょうしゃのじゅん
淳,ジュン，サンズイニキョウラクテキナノキョウ,じゅん，さんずいにきょうらくてきなのきょう
準,ジュンビスルノジュン,じゅんびするのじゅん
潤,リジュンノジュン，ウルオウ,りじゅんのじゅん，うるおう
盾,ムジュンノジュン，タテ,むじゅんのじゅん，たて
純,ジュンスイノジュン,じゅんすいのじゅん
巡,ジュンカイノジュン，メグル,じゅんかいのじゅん，めぐる
遵,ジュンシュスルノジュン，シンニョウニソンケイノソン,じゅんしゅするのじゅん，しんにょうにそんけいのそん
醇,ホウジュンナカオリノジュン,ほうじゅんなかおりのじゅん
順,ジュンバンノジュン,じゅんばんのじゅん
処,ショブンノショ,しょぶんのしょ
初,サイショノショ，ハジメテ,さいしょのしょ，はじめて
所,ジュウショノショ，トコロ,じゅうしょのしょ，ところ
暑,アツイサムイノアツイ，ショ,あついさむいのあつい，しょ
曙,アケボノ，ショ,あけぼの，しょ
渚,ナギサ，ショ,なぎさ，しょ
庶,ショミンノショ,しょみんのしょ
緒,ナイショノショ,ないしょのしょ
署,ショメイスルノショ,しょめいするのしょ
書,キョウカショノショ，カク,きょうかしょのしょ，かく
薯,バレイショノショ，イモ,ばれいしょのしょ，いも
藷,クサカンムリニショクンノショ,くさかんむりにしょくんのしょ
諸,ショクンノショ,しょくんのしょ
助,キュウジョノジョ，タスケル,きゅうじょのじょ，たすける
叙,ジジョデンノジョ,じじょでんのじょ
女,オンナ，ジョシノジョ,おんな，じょしのじょ
序,ジュンジョノジョ,じゅんじょのじょ
徐,ジョコウスルノジョ,じょこうするのじょ
恕,カンジョノジョ，ユルス,かんじょのじょ，ゆるす
鋤,ノウグノスキ，カネヘンニタスケル,のうぐのすき，かねへんにたすける
除,ジョガイノジョ，ノゾク,じょがいのじょ，のぞく
傷,キズ，ジュウショウノショウ,きず，じゅうしょうのしょう
償,バイショウキンノショウ，ツグナウ,ばいしょうきんのしょう，つぐなう
勝,カチマケノカチ，ショウ,かちまけのかち，しょう
匠,キョショウノショウ，タクミ,きょしょうのしょう，たくみ
升,イッショウビンノショウ，マス,いっしょうびんのしょう，ます
召,ショウシュウスルノショウ，メス,しょうしゅうするのしょう，めす
哨,ゼンショウセンノショウ,ぜんしょうせんのしょう
商,ショウバイノショウ,しょうばいのしょう
唱,ガッショウノショウ，トナエル,がっしょうのしょう，となえる
嘗,ガシンショウタンノショウ，ナメル,がしんしょうたんのしょう，なめる
奨,ショウガクキンノショウ,しょうがくきんのしょう
妾,メカケ，ショウ,めかけ，しょう
娼,ショウフノショウ，オンナヘンニヒガフタツ,しょうふのしょう，おんなへんにひがふたつ
宵,ヨイノクチノヨイ,よいのくちのよい
将,ショウグンノショウ,しょうぐんのしょう
小,ダイショウノショウ，チイサイ,だいしょうのしょう，ちいさい
少,オオイスクナイノショウ，ショウ,おおいすくないのしょう，しょう
尚,オショウサンノショウ,おしょうさんのしょう
庄,ショウヤノショウ,しょうやのしょう
床,トコヤノトコ，ショウ,とこやのとこ，しょう
廠,カイグンコウショウノショウ,かいぐんこうしょうのしょう
彰,ヒョウショウジョウノショウ,ひょうしょうじょうのしょう
承,ショウダクスルノショウ,しょうだくするのしょう
抄,コセキショウホンノショウ,こせきしょうほんのしょう
招,マネク，ショウタイスルノショウ,まねく，しょうたいするのしょう
掌,ショウアクスルノショウ，テノヒラ,しょうあくするのしょう，てのひら
捷,ビンショウナノショウ,びんしょうなのしょう
昇,ショウカクスルノショウ，ノボル,しょうかくするのしょう，のぼる
昌,ショウ，ニチノシタニニチ,しょう，にちのしたににち
昭,ショウワウマレノショウ,しょうわうまれのしょう
晶,スイショウダマノショウ,すいしょうだまのしょう
松,マツノキノマツ，ショウ,まつのきのまつ，しょう
梢,マッショウシンケイノショウ，コズエ,まっしょうしんけいのしょう，こずえ
樟,ショウノウノショウ，クス,しょうのうのしょう，くす
樵,キコリ,きこり
沼,ヌマチノヌマ，ショウ,ぬまちのぬま，しょう
消,ショウボウシャノショウ，ケス,しょうぼうしゃのしょう，けす
渉,ダンタイコウショウノショウ,だんたいこうしょうのしょう
湘,ショウナンカイガンノショウ,しょうなんかいがんのしょう
焼,ニクヲヤクノヤク,にくをやくのやく
焦,ショウテンキョリノショウ,しょうてんきょりのしょう
照,ショウメイノショウ，テラス,しょうめいのしょう，てらす
症,カフンショウノショウ,かふんしょうのしょう
省,ショウリャクスルノショウ，ハブク,しょうりゃくするのしょう，はぶく
硝,ショウサンエンノショウ,しょうさんえんのしょう
礁,サンゴショウノショウ,さんごしょうのしょう
祥,フショウジノショウ,ふしょうじのしょう
称,イチニンショウノショウ,いちにんしょうのしょう
章,ブンショウヲヨムノショウ,ぶんしょうをよむのしょう
笑,エガオノエ，ワラウ,えがおのえ，わらう
粧,オケショウノショウ,おけしょうのしょう
紹,ジコショウカイノショウ,じこしょうかいのしょう
肖,ショウゾウガノショウ,しょうぞうがのしょう
菖,ハナショウブノショウ,はなしょうぶのしょう
蒋,クサカンムリニショウグンノショウ,くさかんむりにしょうぐんのしょう
蕉,ミズバショウノショウ,みずばしょうのしょう
衝,ショウトツスルノショウ,しょうとつするのしょう
裳,イショウノショウ，モスソ,いしょうのしょう，もすそ
訟,ソショウノショウ,そしょうのしょう
証,ショウメイショノショウ,しょうめいしょのしょう
詔,ショウチョクノショウ，ミコトノリ,しょうちょくのしょう，みことのり
詳,ショウサイノショウ，クワシイ,しょうさいのしょう，くわしい
象,"インショウテキノショウ,ゾウ","いんしょうてきのしょう,ぞう"
賞,ノーベルショウノショウ,のーべるしょうのしょう
醤,ショウユノショウ，ヒシオ,しょうゆのしょう，ひしお
鉦,ショウコノショウ，カネヘンニタダシイ,しょうこのしょう，かねへんにただしい
鍾,ショウニュウドウノショウ,しょうにゅうどうのしょう
鐘,ケイショウヲナラスノショウ，カネ,けいしょうをならすのしょう，かね
障,ショウガイブツノショウ,しょうがいぶつのしょう
鞘,カタナノサヤ，ショウ,かたなのさや，しょう
上,ジョウゲノジョウ，ウエ,じょうげのじょう，うえ
丈,ダイジョウブノジョウ，タケ,だいじょうぶのじょう，たけ
丞,ダイジンヲイミスルジョウショウノジョウ,だいじんをいみするじょうしょうのじょう
乗,ジョウシャスルノジョウ，ノル,じょうしゃするのじょう，のる
冗,ジョウダンヲイウノジョウ,じょうだんをいうのじょう
剰,ジシンカジョウノジョウ,じしんかじょうのじょう
城,ジョウカマチノジョウ，シロ,じょうかまちのじょう，しろ
場,バショノバ，ジョウ,ばしょのば，じょう
壌,ドジョウカイリョウノジョウ,どじょうかいりょうのじょう
嬢,オジョウサマノジョウ,おじょうさまのじょう
常,ヒジョウグチノジョウ,ひじょうぐちのじょう
情,ユウジョウノジョウ，ナサケ,ゆうじょうのじょう，なさけ
擾,ジョウランノジョウ，テヘンニユウウツノユウ,じょうらんのじょう，てへんにゆううつのゆう
条,ジョウケンノジョウ,じょうけんのじょう
杖,ハクジョウノジョウ，ツエ,はくじょうのじょう，つえ
浄,ジョウスイキノジョウ,じょうすいきのじょう
状,ネンガジョウノジョウ,ねんがじょうのじょう
畳,タタミ，ヨジョウハンノジョウ,たたみ，よじょうはんのじょう
穣,ゴコクホウジョウノジョウ,ごこくほうじょうのじょう
蒸,ジョウキノジョウ，ムス,じょうきのじょう，むす
譲,ジョウホスルノジョウ，ユズル,じょうほするのじょう，ゆずる
醸,ジョウゾウスルノジョウ，カモス,じょうぞうするのじょう，かもす
錠,テジョウノジョウ,てじょうのじょう
嘱,ショクタクスルノショク,しょくたくするのしょく
埴,ハニワノハニ,はにわのはに
飾,ソウショクヒンノショク，カザリ,そうしょくひんのしょく，かざり
拭,フッショクノショク，ヌグウ,ふっしょくのしょく，ぬぐう
植,ショクブツノショク，ウエル,しょくぶつのしょく，うえる
殖,ヨウショクスルノショク，フヤス,ようしょくするのしょく，ふやす
燭,ショクダイノショク，ロウソクノソク,しょくだいのしょく，ろうそくのそく
織,ソシキノシキ,そしきのしき
職,ショクギョウノショク,しょくぎょうのしょく
色,イロエンピツノイロ，ショク,いろえんぴつのいろ，しょく
触,セッショクスルノショク，フレル,せっしょくするのしょく，ふれる
食,タベル，キュウショクノショク,たべる，きゅうしょくのしょく
蝕,ニッショクノショク，ムシバム,にっしょくのしょく，むしばむ
辱,ブジョクスルノジョク，ハズカシメル,ぶじょくするのじょく，はずかしめる
尻,シリゴミスルノシリ,しりごみするのしり
伸,シンシュクノシン，ノビル,しんしゅくのしん，のびる
信,シンゴウキノシン,しんごうきのしん
侵,シンリャクノシン，オカス,しんりゃくのしん，おかす
唇,クチビル，シン,くちびる，しん
娠,ニンシンスルノシン,にんしんするのしん
寝,シンシツノシン，ネル,しんしつのしん，ねる
審,シンサスルノシン,しんさするのしん
心,ココロ，アンシンノシン,こころ，あんしんのしん
慎,シンチョウナノシン，ツツシム,しんちょうなのしん，つつしむ
振,サンシンスルノシン，フル,さんしんするのしん，ふる
新,アタラシイ，シンブンノシン,あたらしい，しんぶんのしん
晋,チュウゴクノコクメイノシン，ススム,ちゅうごくのこくめいのしん，すすむ
森,シンリンノシン，モリ,しんりんのしん，もり
榛,ショクブツノハシバミ,しょくぶつのはしばみ
浸,シントウスルノシン，ヒタス,しんとうするのしん，ひたす
深,シンコクナノシン，フカイ,しんこくなのしん，ふかい
申,シンコクスルノシン，モウス,しんこくするのしん，もうす
疹,フウシンノシン,ふうしんのしん
真,マゴコロノマ，シン,まごころのま，しん
神,カミサマノカミ，シン,かみさまのかみ，しん
秦,シンノシコウテイノシン,しんのしこうていのしん
紳,シンシテキナノシン,しんしてきなのしん
臣,ソウリダイジンノジン,そうりだいじんのじん
芯,エンピツノシンノシン,えんぴつのしんのしん
薪,タキギ，マキワリノマキ,たきぎ，まきわりのまき
親,オヤ，リョウシンノシン,おや，りょうしんのしん
診,シンサツスルノシン，ミル,しんさつするのしん，みる
身,シンチョウタイジュウノシン，ミ,しんちょうたいじゅうのしん，み
辛,コウシンリョウノシン，カライ,こうしんりょうのしん，からい
進,シンポノシン，ススム,しんぽのしん，すすむ
針,ホウシンノシン，ハリ,ほうしんのしん，はり
震,ジシンノシン，フルエル,じしんのしん，ふるえる
人,ヒト，ニンゲンノニン,ひと，にんげんのにん
仁,ジンギノジン，ニオウノニ,じんぎのじん，におうのに
刃,ハモノノハ，ヤイバ,はもののは，やいば
塵,フンジンノジン，チリ,ふんじんのじん，ちり
壬,ジンシンノランノジン,じんしんのらんのじん
尋,ジンモンスルノジン，タズネル,じんもんするのじん，たずねる
甚,ジンダイナノジン，ハナハダシイ,じんだいなのじん，はなはだしい
尽,ジンリョクスルノジン，ツクス,じんりょくするのじん，つくす
腎,ジンゾウビョウノジン,じんぞうびょうのじん
訊,ジンモンノジン，トウ,じんもんのじん，とう
迅,ジンソクナノジン,じんそくなのじん
陣,シュツジンスルノジン,しゅつじんするのじん
靭,キョウジンナノジン,きょうじんなのじん
笥,タンスノス,たんすのす
諏,スワコノス,すわこのす
須,ヒッスノス，スベカラク,ひっすのす，すべからく
酢,スノモノノス,すのもののす
図,トショカンノト，ズ,としょかんのと，ず
厨,チュウボウノチュウ，クリヤ,ちゅうぼうのちゅう，くりや
逗,トウリュウスルノトウ，シンニョウニマメ,とうりゅうするのとう，しんにょうにまめ
吹,スイソウガクノスイ，フク,すいそうがくのすい，ふく
垂,スイチョクノスイ，タレル,すいちょくのすい，たれる
帥,ダイゲンスイノスイ,だいげんすいのすい
推,スイセンスルノスイ，オス,すいせんするのすい，おす
水,スイヨウビノスイ，ミズ,すいようびのすい，みず
炊,スイハンキノスイ，タク,すいはんきのすい，たく
睡,スイミンノスイ,すいみんのすい
粋,ジュンスイナノスイ，イキ,じゅんすいなのすい，いき
翠,ヒスイノスイ,ひすいのすい
衰,スイジャクスルノスイ，オトロエル,すいじゃくするのすい，おとろえる
遂,スイコウスルノスイ，トゲル,すいこうするのすい，とげる
酔,ヨウ，デイスイノスイ,よう，でいすいのすい
錐,シカクスイノスイ,しかくすいのすい
錘,ボウスイケイノスイ，オモリ,ぼうすいけいのすい，おもり
随,ズイヒツノズイ,ずいひつのずい
瑞,ズイウンノズイ，シルシ,ずいうんのずい，しるし
髄,セキズイノズイ,せきずいのずい
崇,スウハイスルノスウ，アガメル,すうはいするのすう，あがめる
嵩,カサアゲスルノカサ,かさあげするのかさ
数,サンスウノスウ，カズ,さんすうのすう，かず
枢,チュウスウノスウ,ちゅうすうのすう
趨,スウセイノスウ,すうせいのすう
雛,ヒナマツリノヒナ,ひなまつりのひな
据,スエル，スエオキノスエ,すえる，すえおきのすえ
杉,スギノキノスギ,すぎのきのすぎ
椙,スギ，キヘンニニチガフタツ,すぎ，きへんににちがふたつ
菅,スゲガサノスゲ，カン,すげがさのすげ，かん
頗,スコブル,すこぶる
雀,スズメ，ジャク,すずめ，じゃく
裾,スソノノスソ,すそののすそ
澄,ミズガスムノスム,みずがすむのすむ
摺,テスリアシスリノスリ,てすりあしすりのすり
寸,スンポウノスン,すんぽうのすん
世,セカイノセ，ヨ,せかいのせ，よ
瀬,セトモノノセ,せともののせ
畝,ハタケノウネ，メンセキノタンイノセ,はたけのうね，めんせきのたんいのせ
是,ゼヒノゼ,ぜひのぜ
凄,セイサンナノセイ，スゴイ,せいさんなのせい，すごい
制,セイゲンスルノセイ,せいげんするのせい
勢,セイリョクノセイ，イキオイ,せいりょくのせい，いきおい
姓,セイメイハンダンノセイ,せいめいはんだんのせい
征,エンセイグンノセイ,えんせいぐんのせい
性,コセイテキノセイ,こせいてきのせい
成,セイチョウスルノセイ，ナル,せいちょうするのせい，なる
政,セイジカノセイ,せいじかのせい
整,セイリスルノセイ，トトノエル,せいりするのせい，ととのえる
星,ホシ，セイザノセイ,ほし，せいざのせい
晴,ハレ，セイテンノセイ,はれ，せいてんのせい
棲,ドウセイスルノセイ，スム,どうせいするのせい，すむ
栖,スム，セイ，キヘンニニシ,すむ，せい，きへんににし
正,タダシイ，ショウガツノショウ,ただしい，しょうがつのしょう
清,セイケツノセイ，キヨイ,せいけつのせい，きよい
牲,ギセイシャノセイ,ぎせいしゃのせい
生,イキル，セイカツノセイ,いきる，せいかつのせい
盛,オオモリノモリ，セイ,おおもりのもり，せい
精,セイシンテキノセイ,せいしんてきのせい
聖,セイカリレーノセイ,せいかりれーのせい
声,コエ，オンセイノセイ,こえ，おんせいのせい
製,セイゾウスルノセイ,せいぞうするのせい
西,ニシヒガシノニシ，セイ,にしひがしのにし，せい
誠,セイジツナノセイ，マコト,せいじつなのせい，まこと
誓,チカウ，セイヤクショノセイ,ちかう，せいやくしょのせい
請,セイキュウショノセイ，コウ,せいきゅうしょのせい，こう
逝,セイキョスルノセイ，ユク,せいきょするのせい，ゆく
醒,カクセイザイノセイ，サメル,かくせいざいのせい，さめる
青,アオイ，セイシュンノセイ,あおい，せいしゅんのせい
静,レイセイノセイ，シズカ,れいせいのせい，しずか
斉,イッセイシャゲキノセイ,いっせいしゃげきのせい
税,ゼイキンノゼイ,ぜいきんのぜい
脆,ゼイジャクナノゼイ，モロイ,ぜいじゃくなのぜい，もろい
隻,フネイッセキノセキ,ふねいっせきのせき
席,ザセキノセキ,ざせきのせき
惜,オシム，セキハイノセキ,おしむ，せきはいのせき
戚,トオイシンセキノセキ,とおいしんせきのせき
斥,ハイセキスルノセキ，シリゾケル,はいせきするのせき，しりぞける
昔,ムカシバナシノムカシ,むかしばなしのむかし
析,ブンセキスルノセキ,ぶんせきするのせき
石,ホウセキノセキ，イシ,ほうせきのせき，いし
積,メンセキノセキ，ツモル,めんせきのせき，つもる
籍,コクセキノセキ,こくせきのせき
績,セイセキヒョウノセキ,せいせきひょうのせき
脊,セキズイノセキ,せきずいのせき
責,セキニンノセキ,せきにんのせき
赤,アカンボウノアカ，セキ,あかんぼうのあか，せき
跡,ツイセキスルノセキ，アト,ついせきするのせき，あと
蹟,キセキノセキ，アシヘンニセキニンノセキ,きせきのせき，あしへんにせきにんのせき
碩,セキガクノセキ，イシヘンニページ,せきがくのせき，いしへんにぺーじ
切,タイセツノセツ，キル,たいせつのせつ，きる
拙,チセツノセツ，ツタナイ,ちせつのせつ，つたない
接,セツゾクスルノセツ,せつぞくするのせつ
摂,セッセイスルノセイ，トル,せっせいするのせい，とる
折,コッセツノセツ，オル,こっせつのせつ，おる
設,セツビノセツ,せつびのせつ
窃,セットウハンノセツ,せっとうはんのせつ
節,キセツノセツ，フシ,きせつのせつ，ふし
説,セツメイノセツ，トク,せつめいのせつ，とく
雪,ユキダルマノユキ，セツ,ゆきだるまのゆき，せつ
絶,ゼッタイテキノゼツ,ぜったいてきのぜつ
舌,シタヲカムノシタ,したをかむのした
蝉,セミシグレノセミ,せみしぐれのせみ
仙,センニンノセン，ニンベンニヤマ,せんにんのせん，にんべんにやま
先,センセイノセン，サキ,せんせいのせん，さき
千,カンスウジノセン,かんすうじのせん
占,ドクセンスルノセン，シメル,どくせんするのせん，しめる
宣,センデンノセン,せんでんのせん
専,センモンノセン,せんもんのせん
尖,トガル，センエイノセン,とがる，せんえいのせん
川,カセンノセン，カワ,かせんのせん，かわ
戦,センソウノセン，タタカウ,せんそうのせん，たたかう
扇,センプウキノセン，オウギ,せんぷうきのせん，おうぎ
撰,チョクセンワカシュウノセン，エラブ,ちょくせんわかしゅうのせん，えらぶ
栓,センヌキノセン,せんぬきのせん
栴,ショクブツノセンダンノセン,しょくぶつのせんだんのせん
泉,オンセンノセン，イズミ,おんせんのせん，いずみ
浅,アサイフカイノアサイ,あさいふかいのあさい
洗,センタクモノノセン，アラウ,せんたくもののせん，あらう
染,センショクノセン，ソメル,せんしょくのせん，そめる
潜,センスイカンノセン，モグル,せんすいかんのせん，もぐる
煎,センチャノセン，イル,せんちゃのせん，いる
煽,アオル，センドウスルノセン,あおる，せんどうするのせん
旋,センカイスルノセン,せんかいするのせん
穿,ウガツ，センコウスルノセン,うがつ，せんこうするのせん
箭,セン，タケカンムリニマエ,せん，たけかんむりにまえ
線,センロノセン,せんろのせん
繊,カガクセンイノセン,かがくせんいのせん
羨,センボウスルノセン，ウラヤム,せんぼうするのせん，うらやむ
腺,コウジョウセンノセン,こうじょうせんのせん
舛,ソムクヲイミスルセン，マス,そむくをいみするせん，ます
船,フネ，センチョウノセン,ふね，せんちょうのせん
薦,スイセンジョウノセン，ススメル,すいせんじょうのせん，すすめる
詮,センサクスルノセン,せんさくするのせん
賎,イヤシイ，セン,いやしい，せん
践,ジッセンスルノセン,じっせんするのせん
選,センキョノセン，エラブ,せんきょのせん，えらぶ
遷,サセンスルノセン,させんするのせん
銭,ツリセンノセン,つりせんのせん
銑,センテツノセン，カネヘンニサキ,せんてつのせん，かねへんにさき
閃,ヒラメキ，センコウノセン,ひらめき，せんこうのせん
鮮,シンセンナノセン，アザヤカ,しんせんなのせん，あざやか
前,マエ，ゼンゴノゼン,まえ，ぜんごのぜん
善,ゼンアクノゼン，ヨイ,ぜんあくのぜん，よい
漸,ゼンゾウスルノゼン，ヨウヤク,ぜんぞうするのぜん，ようやく
然,ダイシゼンノゼン,だいしぜんのぜん
全,ゼンコクノゼン，マッタク,ぜんこくのぜん，まったく
禅,ザゼンノゼン,ざぜんのぜん
繕,シュウゼンスルノゼン，ツクロウ,しゅうぜんするのぜん，つくろう
膳,アゲゼンスエゼンノゼン,あげぜんすえぜんのぜん
糎,ナガサノタンイノセンチメートル,ながさのたんいのせんちめーとる
噌,ミソノソ,みそのそ
塑,カソセイノソ,かそせいのそ
岨,ケンソノソ，ヤマヘンニカツ,けんそのそ，やまへんにかつ
措,ソチスルノソ,そちするのそ
曾,キソジノソノキュウジ,きそじのそのきゅうじ
曽,キソジノソ,きそじのそ
楚,シメンソカノソ,しめんそかのそ
狙,ソゲキノソ，ネラウ,そげきのそ，ねらう
疏,ソスイノソ，ベンソノソ,そすいのそ，べんそのそ
疎,カソチノソ,かそちのそ
礎,キソテキナノソ，イシズエ,きそてきなのそ，いしずえ
祖,ソセンノソ,そせんのそ
租,ソゼイノソ,そぜいのそ
粗,ソマツナノソ，アライ,そまつなのそ，あらい
素,ソシツノソ,そしつのそ
組,クミ，ソシキノソ,くみ，そしきのそ
蘇,ソセイスルノソ，ヨミガエル,そせいするのそ，よみがえる
訴,ウッタエル，ソショウノソ,うったえる，そしょうのそ
阻,ソシスルノソ，ハバム,そしするのそ，はばむ
遡,サカノボル，ソジョウスルノソ,さかのぼる，そじょうするのそ
鼠,ネズミ,ねずみ
僧,ソウリョノソウ,そうりょのそう
創,ソウリツスルノソウ,そうりつするのそう
双,ソウガンキョウノソウ,そうがんきょうのそう
叢,ソウショノソウ，クサムラ,そうしょのそう，くさむら
倉,ソウコノソウ，クラ,そうこのそう，くら
喪,モチュウノモ,もちゅうのも
壮,ソウダイナノソウ,そうだいなのそう
奏,エンソウスルノソウ，カナデル,えんそうするのそう，かなでる
爽,サワヤカ，ソウカイナノソウ,さわやか，そうかいなのそう
宋,チュウゴクノコクメイノソウ,ちゅうごくのこくめいのそう
層,コウソウビルノソウ,こうそうびるのそう
匝,ソウ，ハコガマエニハバ,そう，はこがまえにはば
惣,オソウザイノソウ,おそうざいのそう
想,カンソウブンノソウ,かんそうぶんのそう
捜,ソウサジョウノソウ，サガス,そうさじょうのそう，さがす
掃,ソウジスルノソウ，ハク,そうじするのそう，はく
挿,ソウニュウスルノソウ，サス,そうにゅうするのそう，さす
掻,ヒッカクノカク，カッカソウヨウノソウ,ひっかくのかく，かっかそうようのそう
操,ソウジュウスルノソウ，アヤツル,そうじゅうするのそう，あやつる
早,ソウチョウノソウ，ハヤイ,そうちょうのそう，はやい
曹,ソウトウシュウノソウ,そうとうしゅうのそう
巣,ハチノスノス,はちのすのす
槍,ヤリナゲノヤリ,やりなげのやり
槽,ヨクソウノソウ,よくそうのそう
漕,コグ，ソウテイノソウ,こぐ，そうていのそう
燥,カンソウキノソウ,かんそうきのそう
争,キョウソウノソウ，アラソウ,きょうそうのそう，あらそう
痩,ヤセル，ソウシンノソウ,やせる，そうしんのそう
相,ソウダンスルノソウ，アイ,そうだんするのそう，あい
窓,マドグチノマド，ソウ,まどぐちのまど，そう
糟,カス，ソウコウノツマノソウ,かす，そうこうのつまのそう
総,ソウリダイジンノソウ,そうりだいじんのそう
綜,サクソウスルノソウ，イトヘンニシュウキョウノシュウ,さくそうするのそう，いとへんにしゅうきょうのしゅう
聡,ソウメイナノソウ，サトイ,そうめいなのそう，さとい
草,クサ，ソウゲンノソウ,くさ，そうげんのそう
荘,ベッソウチノソウ,べっそうちのそう
葬,ソウシキノソウ，ホウムル,そうしきのそう，ほうむる
蒼,ガンメンソウハクノソウ，アオイ,がんめんそうはくのそう，あおい
藻,ウミノモクズノモ，ソウ,うみのもくずのも，そう
装,フクソウノソウ,ふくそうのそう
走,ハシル，キョウソウノソウ,はしる，きょうそうのそう
送,ホウソウキョクノソウ，オクル,ほうそうきょくのそう，おくる
遭,ソウナンスルノソウ,そうなんするのそう
鎗,ヤリ，カネヘンニクラ，ソウ,やり，かねへんにくら，そう
霜,シモバシラノシモ,しもばしらのしも
騒,サワグ，ソウオンノソウ,さわぐ，そうおんのそう
像,ブツゾウノゾウ,ぶつぞうのぞう
増,ゾウカスルノゾウ，フエル,ぞうかするのぞう，ふえる
憎,ニクム，ゾウオノゾウ,にくむ，ぞうおのぞう
臓,シンゾウカンゾウノゾウ,しんぞうかんぞうのぞう
蔵,レイゾウコノゾウ,れいぞうこのぞう
贈,ゾウトウヒンノゾウ，オクル,ぞうとうひんのぞう，おくる
造,カイゾウノゾウ，ツクル,かいぞうのぞう，つくる
促,サイソクスルノソク，ウナガス,さいそくするのそく，うながす
側,リョウガワノガワ，ソク,りょうがわのがわ，そく
則,ホウソクノソク,ほうそくのそく
即,ソクザニノソク，スナワチ,そくざにのそく，すなわち
息,イキヲスルノイキ，ソク,いきをするのいき，そく
捉,トラエル，テヘンニアシ,とらえる，てへんにあし
束,ヤクソクノソク,やくそくのそく
測,ソクテイノソク，ハカル,そくていのそく，はかる
足,アシ，エンソクノソク,あし，えんそくのそく
速,ソクドノソク，ハヤイ,そくどのそく，はやい
俗,フウゾクノゾク,ふうぞくのぞく
属,フゾクノゾク,ふぞくのぞく
賊,サンゾクノゾク,さんぞくのぞく
族,スイゾクカンノゾク,すいぞくかんのぞく
続,レンゾクノゾク，ツヅク,れんぞくのぞく，つづく
卒,ソツギョウノソツ,そつぎょうのそつ
袖,フリソデノソデ,ふりそでのそで
其,ソノタノソ,そのたのそ
揃,ソロエル,そろえる
存,ソンザイスルノソン,そんざいするのそん
孫,マゴノテノマゴ，ソン,まごのてのまご，そん
尊,ソンケイスルノソン，トウトブ,そんけいするのそん，とうとぶ
損,ソンガイノソン,そんがいのそん
村,ムラ，シチョウソンノソン,むら，しちょうそんのそん
遜,ケンソンスルノソン,けんそんするのそん
他,タニンノタ,たにんのた
多,オオイスクナイノオオイ，タ,おおいすくないのおおい，た
太,フトイホソイノフトイ，タイ,ふといほそいのふとい，たい
汰,シゼントウタノタ,しぜんとうたのた
詑,タ，ゴンベンニウカンムリニカタカナノヒ,た，ごんべんにうかんむりにかたかなのひ
唾,ダエキノダ，ツバ,だえきのだ，つば
堕,ダラクスルノダ,だらくするのだ
妥,ダキョウスルノダ,だきょうするのだ
惰,タイダノダ,たいだのだ
打,タゲキノダ，ウツ,たげきのだ，うつ
柁,カジ，キヘンニウカンムリニカタカナノヒ,かじ，きへんにうかんむりにかたかなのひ
舵,カジ，ソウダシュノダ,かじ，そうだしゅのだ
楕,ダエンケイノダ,だえんけいのだ
陀,アミダブツノダ,あみだぶつのだ
駄,ダガシノダ,だがしのだ
騨,ヒダタカヤマノダ,ひだたかやまのだ
体,カラダ，タイイクノタイ,からだ，たいいくのたい
堆,タイセキブツノタイ,たいせきぶつのたい
対,ハンタイノタイ,はんたいのたい
耐,ニンタイノタイ，タエル,にんたいのたい，たえる
岱,ダイヒョウノダイノシタニヤマ，タイ,だいひょうのだいのしたにやま，たい
帯,ケイタイノタイ，オビ,けいたいのたい，おび
待,キタイスルノタイ，マツ,きたいするのたい，まつ
怠,タイマンノタイ，ナマケル,たいまんのたい，なまける
態,タイドノタイ,たいどのたい
戴,タイカンシキノタイ，イタダク,たいかんしきのたい，いただく
替,フリカエコウザノカエル,ふりかえこうざのかえる
泰,アンタイノタイ,あんたいのたい
滞,ジュウタイスルノタイ，トドコオル,じゅうたいするのたい，とどこおる
胎,ジュタイスルノジュ,じゅたいするのじゅ
腿,ダイタイコツノタイ，モモ,だいたいこつのたい，もも
苔,ショクブツノコケ，タイ,しょくぶつのこけ，たい
袋,フクロ，ユウタイルイノタイ,ふくろ，ゆうたいるいのたい
貸,ホンヲカスノカ,ほんをかすのか
退,タイクツノタイ,たいくつのたい
逮,タイホジョウノタイ,たいほじょうのたい
隊,グンタイノタイ,ぐんたいのたい
黛,マユズミ,まゆずみ
鯛,サカナノタイ,さかなのたい
代,ダイヒョウノダイ，カワル,だいひょうのだい，かわる
台,ダイドコロノダイ,だいどころのだい
大,ダイショウノダイ，オオキイ,だいしょうのだい，おおきい
第,ダイイチインショウノダイ,だいいちいんしょうのだい
醍,ダイゴミノダイ,だいごみのだい
題,シュクジュダイノダイ,しゅくじゅだいのだい
鷹,トリノタカ,とりのたか
滝,タキツボノタキ,たきつぼのたき
瀧,タキノキュウジ,たきのきゅうじ
卓,タッキュウノタク,たっきゅうのたく
啄,タクボクノタク，ツイバム,たくぼくのたく，ついばむ
宅,ジュウタクノタク,じゅうたくのたく
托,タクハツノタク,たくはつのたく
択,センタクシノタク,せんたくしのたく
拓,カイタクスルノタク,かいたくするのたく
沢,コウタクノタク，サワ,こうたくのたく，さわ
濯,センタクモノノタク,せんたくもののたく
琢,セッサタクマノタク，ミガク,せっさたくまのたく，みがく
託,タクジショノタク,たくじしょのたく
鐸,ドウタクノタク,どうたくのたく
濁,ニゴル，ダクリュウノダク,にごる，だくりゅうのだく
諾,ショウダクスルノダク,しょうだくするのだく
茸,マツタケノタケ，キノコ,まつたけのたけ，きのこ
凧,タコアゲノタコ,たこあげのたこ
蛸,ギョカイルイノタコ,ぎょかいるいのたこ
只,タダイマノタダ,ただいまのただ
叩,カタタキノタタク,かたたきのたたく
但,タダシガキノタダシ,ただしがきのただし
達,ハイタツノタツ,はいたつのたつ
辰,タツ，ジュウニシノタツ,たつ，じゅうにしのたつ
奪,ウバウ，リャクダツノダツ,うばう，りゃくだつのだつ
脱,ヌグ，ダツボウノダツ,ぬぐ，だつぼうのだつ
巽,ホウガクノタツミ,ほうがくのたつみ
竪,タテゴトノタテ,たてごとのたて
辿,タドル,たどる
棚,タナオロシノタナ,たなおろしのたな
谷,タニガワノタニ，コク,たにがわのたに，こく
狸,タヌキ,たぬき
鱈,タラ，サカナヘンニユキ,たら，さかなへんにゆき
樽,タルザケノタル,たるざけのたる
誰,ダレカサンノダレ,だれかさんのだれ
丹,タンネンナノタン,たんねんなのたん
単,タンジュンノタン,たんじゅんのたん
嘆,ナゲク，タンガンスルノタン,なげく，たんがんするのたん
坦,ヘイタンナミチノタン,へいたんなみちのたん
担,タンニンノタン,たんにんのたん
探,タンケンノタン，サガス,たんけんのたん，さがす
旦,ガンタンノタン,がんたんのたん
歎,ナゲク，タンニショウノタン,なげく，たんにしょうのたん
淡,タンスイギョノタン，アワイ,たんすいぎょのたん，あわい
湛,ミズヲタタエルノタン,みずをたたえるのたん
炭,セキタンノタン，スミ,せきたんのたん，すみ
短,チョウタンノタン，ミジカイ,ちょうたんのたん，みじかい
端,タンマツノタン，ハシ,たんまつのたん，はし
箪,タンスノタン,たんすのたん
綻,ハタンスルノタン，ホコロビル,はたんするのたん，ほころびる
耽,タンデキスルノタン，フケル,たんできするのたん，ふける
胆,ダイタンナノタン,だいたんなのたん
蛋,タンパクシツノタン,たんぱくしつのたん
誕,タンジョウビノタン,たんじょうびのたん
鍛,キタエル，タンレンノタン,きたえる，たんれんのたん
団,ダンタイコウドウノダン,だんたいこうどうのだん
壇,ブツダンノダン,ぶつだんのだん
弾,ダンリョクノダン，ハズム,だんりょくのだん，はずむ
断,ハンダンノダン,はんだんのだん
暖,ダンボウノダン，アタタカイ,だんぼうのだん，あたたかい
檀,ダンカノダン,だんかのだん
段,シュダンノダン,しゅだんのだん
男,オトコ，ダンシノダン,おとこ，だんしのだん
談,ジョウダンヲイウノダン,じょうだんをいうのだん
値,ネダンノネ，アタイ,ねだんのね，あたい
知,チシキノチ，シル,ちしきのち，しる
地,チキュウノチ,ちきゅうのち
弛,ユルム，シカンスルノシ,ゆるむ，しかんするのし
恥,ハジヲカクノハジ,はじをかくのはじ
智,チ，シルノシタニニチヨウビノニチ,ち，しるのしたににちようびのにち
池,チョスイチノチ，イケ,ちょすいちのち，いけ
痴,グチノチ,ぐちのち
稚,ヨウチエンノチ,ようちえんのち
置,ソウチノチ，オク,そうちのち，おく
致,イッチスルノチ，イタス,いっちするのち，いたす
蜘,クモ，ムシヘンニチシキノチ,くも，むしへんにちしきのち
遅,オソイ，チコクノチ,おそい，ちこくのち
馳,ゴチソウノチ，ハセル,ごちそうのち，はせる
築,ケンチクノチク，キズク,けんちくのちく，きずく
畜,カチクノチク,かちくのちく
竹,タケ，ショウチクバイノチク,たけ，しょうちくばいのちく
筑,チクゼンニノチク,ちくぜんにのちく
蓄,チョチクノチク,ちょちくのちく
逐,チクジノチク,ちくじのちく
秩,チツジョノチツ,ちつじょのちつ
窒,チッソノチツ,ちっそのちつ
茶,チャイロノチャ,ちゃいろのちゃ
嫡,チャクナンノチャク,ちゃくなんのちゃく
着,キモノノキ，チャク,きもののき，ちゃく
中,チュウガクノチュウ，ナカ,ちゅうがくのちゅう，なか
仲,ナカマノナカ,なかまのなか
宙,ウチュウセンノチュウ,うちゅうせんのちゅう
忠,チュウコクスルノチュウ,ちゅうこくするのちゅう
抽,チュウセンノチュウ,ちゅうせんのちゅう
昼,ヒルヤスミノヒル，チュウ,ひるやすみのひる，ちゅう
柱,ハシラ，チュウ,はしら，ちゅう
注,チュウモクスルノチュウ，ソソグ,ちゅうもくするのちゅう，そそぐ
虫,ムシ，コンチュウノチュウ,むし，こんちゅうのちゅう
衷,ワヨウセッチュウノチュウ,わようせっちゅうのちゅう
註,チュウシャクノチュウ，ゴンベンニシュジンコウノシュ,ちゅうしゃくのちゅう，ごんべんにしゅじんこうのしゅ
酎,イモジョウチュウノチュウ,いもじょうちゅうのちゅう
鋳,チュウゾウスルノチュウ，イル,ちゅうぞうするのちゅう，いる
駐,チュウシャジョウノチュウ,ちゅうしゃじょうのちゅう
樗,ショクブツノオウチ，チョ,しょくぶつのおうち，ちょ
瀦,ミズタマリヲイミスルチョ,みずたまりをいみするちょ
猪,イノシシ，チョトツモウシンノチョ,いのしし，ちょとつもうしんのちょ
苧,ショクブツノカラムシ，チョ,しょくぶつのからむし，ちょ
著,チョシャノチョ，イチジルシイ,ちょしゃのちょ，いちじるしい
貯,チョキンノチョ，タクワエル,ちょきんのちょ，たくわえる
丁,イッチョウメノチョウ,いっちょうめのちょう
兆,イッチョウエンノチョウ,いっちょうえんのちょう
凋,チョウラクノチョウ，シボム,ちょうらくのちょう，しぼむ
喋,シャベル,しゃべる
寵,チョウアイヲウケルノチョウ,ちょうあいをうけるのちょう
帖,テチョウノチョウ，ハバニウラナウ,てちょうのちょう，はばにうらなう
帳,レンラクチョウノチョウ,れんらくちょうのちょう
庁,キショウチョウノチョウ,きしょうちょうのちょう
弔,トムラウ，チョウジノチョウ,とむらう，ちょうじのちょう
張,キンチョウスルノチョウ，ハル,きんちょうするのちょう，はる
彫,チョウコクカノチョウ，ホル,ちょうこくかのちょう，ほる
徴,トクチョウテキナノチョウ,とくちょうてきなのちょう
懲,コラシメル，チョウバツノチョウ,こらしめる，ちょうばつのちょう
挑,チョウセンスルノチョウ，イドム,ちょうせんするのちょう，いどむ
暢,リュウチョウナノチョウ,りゅうちょうなのちょう
朝,アサヒノアサ，チョウ,あさひのあさ，ちょう
潮,マンチョウノチョウ，シオ,まんちょうのちょう，しお
牒,サイゴツウチョウノチョウ，フダ,さいごつうちょうのちょう，ふだ
町,マチ，シチョウソンノチョウ,まち，しちょうそんのちょう
眺,ナガメル，チョウボウノチョウ,ながめる，ちょうぼうのちょう
聴,チョウカクノチョウ，キク,ちょうかくのちょう，きく
脹,ボウチョウスルノチョウ，ニクヅキニナガイ,ぼうちょうするのちょう，にくづきにながい
腸,ダイチョウ，ショウチョウノチョウ,だいちょう，しょうちょうのちょう
蝶,アゲハチョウノチョウ,あげはちょうのちょう
調,チョウサノチョウ，シラベル,ちょうさのちょう，しらべる
諜,チョウホウキカンノチョウ,ちょうほうきかんのちょう
超,チョウノウリョクノチョウ，コエル,ちょうのうりょくのちょう，こえる
跳,チョウヤクスルノチョウ，トブ,ちょうやくするのちょう，とぶ
銚,オチョウシノチョウ,おちょうしのちょう
長,ナガイ，チョウタンノチョウ,ながい，ちょうたんのちょう
頂,チョウテンノチョウ，イタダキ,ちょうてんのちょう，いただき
鳥,トリ，ヤチョウノチョウ,とり，やちょうのちょう
勅,チョクメイノチョク,ちょくめいのちょく
捗,シンチョクジョウキョウノチョク，ハカドル,しんちょくじょうきょうのちょく，はかどる
直,チョクセンノチョク，ナオル,ちょくせんのちょく，なおる
朕,チンオモウニノチン,ちんおもうにのちん
沈,チンボツスルノチン，シズム,ちんぼつするのちん，しずむ
珍,メズラシイ，チンミノチン,めずらしい，ちんみのちん
賃,チンギンノチン,ちんぎんのちん
鎮,チンアツスルノチン，シズメル,ちんあつするのちん，しずめる
陳,チンレツスルノチン,ちんれつするのちん
津,ツナミノツ，シン,つなみのつ，しん
墜,ツイラクスルノツイ,ついらくするのつい
椎,セキツイノツイ，シイ,せきついのつい，しい
槌,テッツイノツイ，ツチ,てっついのつい，つち
追,ツイセキスルノツイ，オウ,ついせきするのつい，おう
鎚,カネヘンノツチ,かねへんのつち
痛,ズツウノツウ，イタイ,ずつうのつう，いたい
通,コウツウノツウ，トオル,こうつうのつう，とおる
塚,ツカ，カイヅカノツカ,つか，かいづかのつか
栂,ショクブツノツガ，キヘンニハハ,しょくぶつのつが，きへんにはは
掴,ツカム，テヘンニクニ,つかむ，てへんにくに
槻,ショクブツノツキ，キヘンニキソクテキノキ,しょくぶつのつき，きへんにきそくてきのき
佃,ツクダニノツクダ,つくだにのつくだ
漬,ツケモノノツケル,つけもののつける
柘,ザクロノイチモジメ，キヘンニイシ,ざくろのいちもじめ，きへんにいし
辻,ヨツツジノツジ,よつつじのつじ
蔦,ショクブツノツタ,しょくぶつのつた
綴,ツヅル,つづる
鍔,カタナノツバ，ガク,かたなのつば，がく
椿,ショクブツノツバキ，キヘンニハル,しょくぶつのつばき，きへんにはる
潰,ツブレル，イカイヨウノカイ,つぶれる，いかいようのかい
坪,タテツボノツボ,たてつぼのつぼ
壷,オモウツボノツボ,おもうつぼのつぼ
嬬,ツマ，オンナヘンニヒツジュヒンノジュ,つま，おんなへんにひつじゅひんのじゅ
紬,ツムギ，イトヘンニリユウノユウ,つむぎ，いとへんにりゆうのゆう
爪,ツメキリノツメ,つめきりのつめ
吊,ツルス，クチノシタニハバ,つるす，くちのしたにはば
釣,サカナツリノツリ,さかなつりのつり
鶴,トリノツル,とりのつる
亭,テイシュノテイ,ていしゅのてい
低,ヒクイ，テイ,ひくい，てい
停,テイシャノテイ,ていしゃのてい
偵,テイサツスルノテイ,ていさつするのてい
剃,ソル，テイハツノテイ,そる，ていはつのてい
貞,テイシュクノテイ,ていしゅくのてい
呈,ゾウテイスルノテイ,ぞうていするのてい
堤,テイボウノテイ，ツツミ,ていぼうのてい，つつみ
定,ヨテイノテイ，サダメル,よていのてい，さだめる
帝,テイオウノテイ，ミカド,ていおうのてい，みかど
底,ソコヂカラノソコ，テイ,そこぢからのそこ，てい
庭,テイエンノテイ，ニワ,ていえんのてい，にわ
廷,キュウテイブンガクノテイ,きゅうていぶんがくのてい
弟,アニオトオトノオトオト,あにおとおとのおとおと
悌,テイ，リッシンベンニオトウト,てい，りっしんべんにおとうと
抵,テイコウスルノテイ,ていこうするのてい
挺,クウテイブタイノテイ,くうていぶたいのてい
提,テイアンノテイ,ていあんのてい
梯,ハシゴ，キヘンニオトウト,はしご，きへんにおとうと
汀,ミギワ，サンズイニイッチョウメノチョウ,みぎわ，さんずいにいっちょうめのちょう
碇,テイハクノテイ，イカリ,ていはくのてい，いかり
禎,テイ，シメスヘンニテイシュクノテイ,てい，しめすへんにていしゅくのてい
程,ニッテイノテイ，ホド,にっていのてい，ほど
締,テイケツスルノテイ，シメル,ていけつするのてい，しめる
艇,ヒコウテイノテイ,ひこうていのてい
訂,テイセイスルノテイ,ていせいするのてい
諦,アキラメル，テイカンスルノテイ,あきらめる，ていかんするのてい
蹄,テイテツノテイ，ヒヅメ,ていてつのてい，ひづめ
逓,テイシンショウノテイ,ていしんしょうのてい
邸,テイタクノテイ，ヤシキ,ていたくのてい，やしき
鄭,ジンメイノテイセイコウノテイ,じんめいのていせいこうのてい
釘,クギ,くぎ
鼎,テイダンノテイ，カナエ,ていだんのてい，かなえ
泥,デイスイノデイ，ドロ,でいすいのでい，どろ
摘,テキハツスルノテキ，ツム,てきはつするのてき，つむ
擢,バッテキスルノテキ,ばってきするのてき
敵,テキミカタノテキ,てきみかたのてき
滴,スイテキノテキ，シズク,すいてきのてき，しずく
的,モクテキノテキ,もくてきのてき
笛,フエヲフクノフエ,ふえをふくのふえ
適,テキトウノテキ,てきとうのてき
鏑,カブラヤノカブラ,かぶらやのかぶら
溺,デキアイスルノデキ，オボレル,できあいするのでき，おぼれる
哲,テツガクノテツ,てつがくのてつ
徹,テツヤスルノテツ,てつやするのてつ
撤,テッタイスルノテツ,てったいするのてつ
轍,ワダチ,わだち
迭,コウテツスルノテツ,こうてつするのてつ
鉄,テツドウノテツ,てつどうのてつ
典,コクゴジテンノテン,こくごじてんのてん
填,ジュウテンスルノテン，ハメル,じゅうてんするのてん，はめる
天,テンキヨホウノテン,てんきよほうのてん
展,ハッテンノテン,はってんのてん
店,ミセ，ショウテンノテン,みせ，しょうてんのてん
添,ソエル，テンプスルノテン,そえる，てんぷするのてん
纏,ハンテンノテン，マトウ,はんてんのてん，まとう
甜,テンサイトウノテン,てんさいとうのてん
貼,ハル，カイヘンニウラナウ,はる，かいへんにうらなう
転,ウンテンノテン，コロガス,うんてんのてん，ころがす
顛,コトノテンマツノテン,ことのてんまつのてん
点,テンスウノテン,てんすうのてん
伝,デンセツノデン，ツタエル,でんせつのでん，つたえる
殿,トノサマノトノ,とのさまのとの
澱,チンデンスルノデン，ヨドム,ちんでんするのでん，よどむ
田,スイデンノデン，タ,すいでんのでん，た
電,デンワノデン,でんわのでん
兎,ウサギ,うさぎ
吐,トイキノト，ハク,といきのと，はく
堵,アンドスルノト,あんどするのと
塗,トソウノト，ヌル,とそうのと，ぬる
妬,シットスルノト，ネタム,しっとするのと，ねたむ
屠,トサツスルノト，ホフル,とさつするのと，ほふる
徒,トホノト,とほのと
斗,ホクトシチセイノト,ほくとしちせいのと
杜,モリ，キヘンニツチ,もり，きへんにつち
渡,ハシヲワタルノワタル,はしをわたるのわたる
登,トザンノト，ノボル,とざんのと，のぼる
菟,ト，クサカンムリニウサギ,と，くさかんむりにうさぎ
賭,トバクノト，カケル,とばくのと，かける
途,トチュウノト,とちゅうのと
都,トカイノト，ミヤコ,とかいのと，みやこ
鍍,トキンノト，カネヘンニオンドケイノド,ときんのと，かねへんにおんどけいのど
砥,トイシノト,といしのと
砺,レイ，イシヘンニガンダレニマン,れい，いしへんにがんだれにまん
努,ドリョクノド,どりょくのど
度,オンドケイノド,おんどけいのど
土,ドヨウビノド，ツチ,どようびのど，つち
奴,ドレイノド，ヤツ,どれいのど，やつ
怒,ゲキドスルノド，イカル,げきどするのど，いかる
倒,トウサンスルノトウ，タオレル,とうさんするのとう，たおれる
党,ヨトウヤトウノトウ,よとうやとうのとう
冬,フユヤスミノフユ，トウ,ふゆやすみのふゆ，とう
凍,レイトウスルノトウ，コオル,れいとうするのとう，こおる
刀,カタナ，ニホントウノトウ,かたな，にほんとうのとう
唐,ケントウシノトウ,けんとうしのとう
塔,ゴジュウノトウ,ごじゅうのとう
塘,トウ，ツチヘンニケントウシノトウ,とう，つちへんにけんとうしのとう
套,ジョウトウシュダンノトウ,じょうとうしゅだんのとう
宕,トウ，アタゴノニモジメ，ウカンムリニイシ,とう，あたごのにもじめ，うかんむりにいし
島,シマグニノシマ，トウ,しまぐにのしま，とう
嶋,トウ，ヤマヘンニトリノシマ,とう，やまへんにとりのしま
悼,アイトウノトウ，イタム,あいとうのとう，いたむ
投,トウシュノトウ，ナゲル,とうしゅのとう，なげる
搭,トウジョウテツヅキノトウ,とうじょうてつづきのとう
東,トウザイノトウ，ヒガシ,とうざいのとう，ひがし
桃,モモタロウノモモ,ももたろうのもも
梼,トウ，キヘンニコトブキ,とう，きへんにことぶき
棟,ビョウトウノトウ，ムネ,びょうとうのとう，むね
盗,トウナンノトウ，ヌスム,とうなんのとう，ぬすむ
淘,シゼントウタノトウ,しぜんとうたのとう
湯,ネットウノトウ，ユ,ねっとうのとう，ゆ
涛,トウ，サンズイニコトブキ,とう，さんずいにことぶき
灯,ケイコウトウノトウ,けいこうとうのとう
燈,トウダイノトウ，ヒヘンニノボル,とうだいのとう，ひへんにのぼる
当,トウバンノトウ，アタル,とうばんのとう，あたる
痘,テンネントウノトウ,てんねんとうのとう
祷,モクトウスルノトウ，イノル,もくとうするのとう，いのる
等,イットウショウノトウ，ヒトシイ,いっとうしょうのとう，ひとしい
答,コタエ，トウアンノトウ,こたえ，とうあんのとう
筒,ツツ，スイトウノトウ,つつ，すいとうのとう
糖,ブドウトウノトウ,ぶどうとうのとう
統,トウイツノトウ,とういつのとう
到,トウチャクスルノトウ，イタル,とうちゃくするのとう，いたる
董,コットウヒンノトウ,こっとうひんのとう
蕩,ホウトウムスコノトウ,ほうとうむすこのとう
藤,フジノハナノフジ，トウ,ふじのはなのふじ，とう
討,トウロンスルノトウ,とうろんするのとう
謄,コセキトウホンノトウ,こせきとうほんのとう
豆,トウフノトウ，マメ,とうふのとう，まめ
踏,フム，ザットウノトウ,ふむ，ざっとうのとう
逃,ニゲル，トウボウスルノトウ,にげる，とうぼうするのとう
透,トウメイナノトウ，スケル,とうめいなのとう，すける
鐙,アブミ,あぶみ
陶,トウゲイカノトウ,とうげいかのとう
頭,アタマ，ズツウノズ,あたま，ずつうのず
騰,フットウスルノトウ,ふっとうするのとう
闘,トウギュウシノトウ，タタカウ,とうぎゅうしのとう，たたかう
働,ロウドウノドウ，ハタラク,ろうどうのどう，はたらく
動,ドウブツノドウ，ウゴク,どうぶつのどう，うごく
同,オナジ，ドウジノドウ,おなじ，どうじのどう
堂,コッカイギジドウノドウ,こっかいぎじどうのどう
導,ユウドウノドウ，ミチビク,ゆうどうのどう，みちびく
憧,ドウケイノドウ，アコガレル,どうけいのどう，あこがれる
撞,ジカドウチャクノドウ，ツク,じかどうちゃくのどう，つく
洞,ドウクツノドウ，ホラ,どうくつのどう，ほら
瞳,ヒトミ，ドウコウノドウ,ひとみ，どうこうのどう
童,グリムドウワノドウ,ぐりむどうわのどう
胴,ドウアゲノドウ,どうあげのどう
萄,ブドウシュノドウ,ぶどうしゅのどう
道,ミチ，ドウロノドウ,みち，どうろのどう
銅,ドウメダルノドウ,どうめだるのどう
峠,トウゲノチャヤノトウゲ,とうげのちゃやのとうげ
鴇,トリノトキ,とりのとき
匿,トクメイノトク，カクス,とくめいのとく，かくす
得,トクイノトク，エル,とくいのとく，える
徳,ドウトクノトク,どうとくのとく
涜,ボウトクスルノトク，ケガス,ぼうとくするのとく，けがす
特,トクベツノトク,とくべつのとく
督,エイガカントクノトク,えいがかんとくのとく
禿,ハゲヤマノハゲ,はげやまのはげ
篤,キトクジョウタイノトク,きとくじょうたいのとく
毒,ショウドクノドク,しょうどくのどく
独,ドクリツノドク,どくりつのどく
読,ヨム，ドクショノドク,よむ，どくしょのどく
栃,トチギケンノトチ,とちぎけんのとち
橡,キヘンニドウブツノゾウ，トチ,きへんにどうぶつのぞう，とち
凸,オウトツノトツ,おうとつのとつ
突,ショウトツスルノトツ，ツク,しょうとつするのとつ，つく
椴,トドマツノトド，キヘンニシュダンノダン,とどまつのとど，きへんにしゅだんのだん
届,トドケル,とどける
鳶,トリノトビ,とりのとび
苫,トマコマイシノトマ,とまこまいしのとま
寅,トラ，ジュウニシノトラ,とら，じゅうにしのとら
酉,トリ，ジュウニシノトリ,とり，じゅうにしのとり
瀞,ナガトロノトロ，サンズイニシズカ,ながとろのとろ，さんずいにしずか
噸,オモサノタンイノトン,おもさのたんいのとん
屯,チュウトンスルノトン,ちゅうとんするのとん
惇,リッシンベンニキョウラクテキノキョウ，トン,りっしんべんにきょうらくてきのきょう，とん
敦,チュウゴクノトンコウノトン,ちゅうごくのとんこうのとん
沌,コントントシタノトン,こんとんとしたのとん
豚,ブタ，トンジルノトン,ぶた，とんじるのとん
遁,トンソウスルノトン,とんそうするのとん
頓,セイトンスルノトン,せいとんするのとん
呑,ヘイドンスルノドン，ノム,へいどんするのどん，のむ
曇,クモリ，ドンテンノドン,くもり，どんてんのどん
鈍,ドンカンナノドン，ニブイ,どんかんなのどん，にぶい
奈,ナラケンノナ,ならけんのな
那,ワカダンナノナ,わかだんなのな
内,コクナイノナイ，ウチ,こくないのない，うち
乍,ムカシナガラノナガラ,むかしながらのながら
凪,ユウナギノナギ,ゆうなぎのなぎ
薙,クサナギノナギ,くさなぎのなぎ
謎,ナゾヲトクノナゾ,なぞをとくのなぞ
灘,ナダ，サンズイニムズカシイ,なだ，さんずいにむずかしい
捺,ナツインスルノナツ,なついんするのなつ
鍋,ナベモノノナベ,なべもののなべ
楢,ナラノキノナラ,ならのきのなら
馴,カイナラスノナラス，ジュン,かいならすのならす，じゅん
縄,ナワ，ジョウモンドキノジョウ,なわ，じょうもんどきのじょう
畷,シジョウナワテシノナワテ,しじょうなわてしのなわて
南,ナンボクノナン，ミナミ,なんぼくのなん，みなみ
楠,クスノキノクス，キヘンニミナミ,くすのきのくす，きへんにみなみ
軟,ジュウナンノナン，ヤワラカ,じゅうなんのなん，やわらか
難,コンナンノナン，ムズカシイ,こんなんのなん，むずかしい
汝,ナンジ，サンズイニオンナ,なんじ，さんずいにおんな
二,カンスウジノニ,かんすうじのに
尼,アマデラノアマ，ニ,あまでらのあま，に
弐,ケイヤクショニツカウスウジノニ,けいやくしょにつかうすうじのに
迩,シンニョウニナンジノイタイジノニ,しんにょうになんじのいたいじのに
匂,イイニオイノニオイ,いいにおいのにおい
賑,ニギワウ，インシンノシン,にぎわう，いんしんのしん
肉,ギュウニクノニク,ぎゅうにくのにく
虹,ニジ，ナナイロノニジ,にじ，なないろのにじ
廿,カンスウジノニジュウ,かんすうじのにじゅう
日,ニチヨウビノニチ，ヒ,にちようびのにち，ひ
乳,ギュウニュウノニュウ，チチ,ぎゅうにゅうのにゅう，ちち
入,ハイル，ニュウガクノニュウ,はいる，にゅうがくのにゅう
如,トツジョノジョ,とつじょのじょ
尿,トウニョウビョウノニョウ,とうにょうびょうのにょう
韮,ショクブツノニラ,しょくぶつのにら
任,セキニンノニン,せきにんのにん
妊,ニンシンスルノニン,にんしんするのにん
忍,ニンジャノニン，シノブ,にんじゃのにん，しのぶ
認,カクニンノニン，ミトメル,かくにんのにん，みとめる
濡,ヌレル,ぬれる
禰,スクネノネ，シメスヘンニナンジ,すくねのね，しめすへんになんじ
祢,ネ，シメスヘンニナンジノイタイジ,ね，しめすへんになんじのいたいじ
寧,テイネイノネイ,ていねいのねい
葱,ショクブツノネギ,しょくぶつのねぎ
猫,ヤマネコノネコ,やまねこのねこ
熱,ネツ，アツイ,ねつ，あつい
年,ガクネンノネン，トシ,がくねんのねん，とし
念,ザンネンノネン,ざんねんのねん
捻,ネンザノネン，ヒネル,ねんざのねん，ひねる
撚,ヒネル，テヘンニシゼンノゼン,ひねる，てへんにしぜんのぜん
燃,ネンリョウノネン，モエル,ねんりょうのねん，もえる
粘,ネバル，ネンドノネン,ねばる，ねんどのねん
乃,ノギタイショウノノ，スナワチ,のぎたいしょうのの，すなわち
廼,エンニョウニニシ，ナイ,えんにょうににし，ない
之,コレ，アクタガワリュウノスケノノ,これ，あくたがわりゅうのすけのの
埜,ヤ，ハヤシノシタニツチ,や，はやしのしたにつち
嚢,ヒョウノウノノウ，フクロ,ひょうのうののう，ふくろ
悩,ナヤム，クノウスルノノウ,なやむ，くのうするののう
濃,ノウタンノノウ，コイ,のうたんののう，こい
納,ノウゼイノノウ，オサメル,のうぜいののう，おさめる
能,サイノウノノウ,さいのうののう
脳,ズノウノノウ,ずのうののう
膿,カノウスルノノウ，ウミ,かのうするののう，うみ
農,ノウギョウノノウ,のうぎょうののう
覗,ノゾキミルノノゾク,のぞきみるののぞく
蚤,ムシノノミ,むしののみ
巴,トモエナゲノトモエ,ともえなげのともえ
把,ハアクスルノハ,はあくするのは
播,デンパスルノハ，マク,でんぱするのは，まく
覇,セイハスルノハ,せいはするのは
杷,ショクブツノビワノハ，キヘンニトモエ,しょくぶつのびわのは，きへんにともえ
波,ツナミノナミ，ハ,つなみのなみ，は
派,ハバツノハ,はばつのは
琶,ビワコノニモジメノハ,びわこのにもじめのは
破,ハカイスルノハ，ヤブル,はかいするのは，やぶる
婆,ロウバシンノバ,ろうばしんのば
罵,バセイノバ，ノノシル,ばせいのば，ののしる
芭,バショウノバ,ばしょうのば
馬,ウマ，バシャノバ,うま，ばしゃのば
俳,ハイクノハイ,はいくのはい
廃,ハイシスルノハイ，スタレル,はいしするのはい，すたれる
拝,オガム，ハイケイノハイ,おがむ，はいけいのはい
排,ハイジョスルノハイ,はいじょするのはい
敗,ハイボクノハイ，ヤブレル,はいぼくのはい，やぶれる
杯,カンパイノハイ，サカズキ,かんぱいのはい，さかずき
盃,サカズキ，フシギノフノシタニサラ,さかずき，ふしぎのふのしたにさら
牌,イハイノハイ，フダ,いはいのはい，ふだ
背,セボネノセ,せぼねのせ
肺,ハイカツリョウノハイ,はいかつりょうのはい
輩,センパイコウハイノハイ,せんぱいこうはいのはい
配,ハイタツノハイ，クバル,はいたつのはい，くばる
倍,バイリツノバイ,ばいりつのばい
培,サイバイスルノバイ，ツチカウ,さいばいするのばい，つちかう
媒,バイカイスルノバイ,ばいかいするのばい
梅,ウメボシノウメ,うめぼしのうめ
楳,キヘンニナニガシノボウ，ウメ,きへんになにがしのぼう，うめ
煤,スス，バイエンノバイ,すす，ばいえんのばい
狽,ロウバイスルノバイ,ろうばいするのばい
買,カウ，バイシュウノバイ,かう，ばいしゅうのばい
売,ショウバイノバイ，ウル,しょうばいのばい，うる
賠,バイショウキンノバイ,ばいしょうきんのばい
陪,バイシンインノバイ,ばいしんいんのばい
這,ハウ,はう
蝿,ムシノハエ,むしのはえ
秤,テンビンノビン，ハカリ,てんびんのびん，はかり
矧,ヤヘンニインヨウスルノイン，ハグ,やへんにいんようするのいん，はぐ
萩,ショクブツノハギ,しょくぶつのはぎ
伯,ハクシャクノハク,はくしゃくのはく
剥,ハクリスルノハク，ハガレル,はくりするのはく，はがれる
博,ハクブツカンノハク,はくぶつかんのはく
拍,ハクシュスルノハク,はくしゅするのはく
柏,カシワモチノカシワ,かしわもちのかしわ
泊,シュクハクスルノハク，トマル,しゅくはくするのはく，とまる
白,シロイ，ハクチョウノハク,しろい，はくちょうのはく
箔,アルミハクノハク,あるみはくのはく
粕,サケカスノカス，コメヘンニシロ,さけかすのかす，こめへんにしろ
舶,ハクライヒンノハク,はくらいひんのはく
薄,ウスイ，ケイハクノハク,うすい，けいはくのはく
迫,ハクリョクノハク，セマル,はくりょくのはく，せまる
曝,サラス，ニチヘンニボウリョクノボウ,さらす，にちへんにぼうりょくのぼう
漠,サハラサバクノバク,さはらさばくのばく
爆,バクハツスルノバク,ばくはつするのばく
縛,シバル，ソクバクノバク,しばる，そくばくのばく
莫,バクダイナノバク,ばくだいなのばく
駁,ハンバクスルノバク,はんばくするのばく
麦,ムギチャノムギ,むぎちゃのむぎ
函,ハコダテノハコ，カン,はこだてのはこ，かん
箱,ハコニツメルノハコ,はこにつめるのはこ
硲,ハザマ，イシヘンニタニ,はざま，いしへんにたに
箸,ハシオキノハシ,はしおきのはし
肇,クニヲハジメルノハジメ，チョウ,くにをはじめるのはじめ，ちょう
筈,テハズノハズ,てはずのはず
櫨,ハゼノキノハゼ,はぜのきのはぜ
幡,ヤハタノハタ,やはたのはた
肌,ハダイロノハダ,はだいろのはだ
畑,タハタノハタ，ハタケ,たはたのはた，はたけ
畠,ハタケ，シロノシタニタ,はたけ，しろのしたにた
八,カンスウジノハチ,かんすうじのはち
鉢,ハチウエノハチ,はちうえのはち
溌,ゲンキハツラツノハツ,げんきはつらつのはつ
発,ハツメイノハツ,はつめいのはつ
醗,サケヲハッコウサセルノハツ，カモス,さけをはっこうさせるのはつ，かもす
髪,カミノケノカミ，ハツ,かみのけのかみ，はつ
伐,バッサイスルノバツ,ばっさいするのばつ
罰,ツミトバツノバツ,つみとばつのばつ
抜,バツグンノバツ，ヌケル,ばつぐんのばつ，ぬける
筏,イカダ,いかだ
閥,ハバツノバツ,はばつのばつ
鳩,トリノハト,とりのはと
噺,ハナシカノハナシ，クチヘンニアタラシイ,はなしかのはなし，くちへんにあたらしい
塙,ハナワ，ツチヘンニタカイ,はなわ，つちへんにたかい
蛤,ハマグリ，ムシヘンニアウ,はまぐり，むしへんにあう
隼,トリノハヤブサ,とりのはやぶさ
伴,ドウハンスルノハン，トモナウ,どうはんするのはん，ともなう
判,ハンダンノハン,はんだんのはん
半,ハンブンノハン，ナカバ,はんぶんのはん，なかば
反,ハンタイスルノハン,はんたいするのはん
叛,ハンランノハン，ソムク,はんらんのはん，そむく
帆,ハンセンノハ，ホバシラノホ,はんせんのは，ほばしらのほ
搬,ハンニュウスルノハン,はんにゅうするのはん
斑,マダラ，ハンテンノハン,まだら，はんてんのはん
板,コクバンノバン，イタ,こくばんのばん，いた
氾,カワガハンランスルノハン,かわがはんらんするのはん
汎,ハンヨウセイノハン,はんようせいのはん
版,モクハンガノハン,もくはんがのはん
犯,ハンザイノハン,はんざいのはん
班,ハンチョウノハン,はんちょうのはん
畔,コハンノハン，ホトリ,こはんのはん，ほとり
繁,ハンエイスルノハン，シゲル,はんえいするのはん，しげる
般,イッパンテキノハン,いっぱんてきのはん
藩,ハイハンチケンノハン,はいはんちけんのはん
販,ハンバイスルノハン,はんばいするのはん
範,モハンノハン,もはんのはん
釆,ハン，バンゴウノバンカラタヲトッタジ,はん，ばんごうのばんからたをとったじ
煩,ボンノウノボン，ワズラワシイ,ぼんのうのぼん，わずらわしい
頒,ハンプスルノハン,はんぷするのはん
飯,ゴハンノハン，メシ,ごはんのはん，めし
挽,バンカイスルノバン,ばんかいするのばん
晩,バンゴハンノバン,ばんごはんのばん
番,バンゴウノバン,ばんごうのばん
盤,エンバンナゲノバン,えんばんなげのばん
磐,ジョウバンセンノバン,じょうばんせんのばん
蕃,バン，クサカンムリニバンゴウノバン,ばん，くさかんむりにばんごうのばん
蛮,ナンバンボウエキノバン,なんばんぼうえきのばん
匪,ヒゾクノヒ，ハコガマエニヒジョウグチノヒ,ひぞくのひ，はこがまえにひじょうぐちのひ
卑,ヒレツナノヒ，イヤシイ,ひれつなのひ，いやしい
否,ヒテイスルノヒ,ひていするのひ
妃,オウヒノヒ，キサキ,おうひのひ，きさき
庇,ヒゴスルノヒ，ヒサシ,ひごするのひ，ひさし
彼,ヒガンバナノヒ，カレ,ひがんばなのひ，かれ
悲,ヒゲキノヒ，カナシイ,ひげきのひ，かなしい
扉,トビラ，モンピノヒ,とびら，もんぴのひ
批,ヒハンスルノヒ,ひはんするのひ
披,ヒロウエンノヒ,ひろうえんのひ
斐,ヒ，カイノクニノニモジメ,ひ，かいのくにのにもじめ
比,ヒカクスルノヒ，クラベル,ひかくするのひ，くらべる
泌,ヒニョウキノヒ,ひにょうきのひ
疲,ツカレル，ヒロウスルノヒ,つかれる，ひろうするのひ
皮,カワヲムクノカワ，ヒ,かわをむくのかわ，ひ
碑,キネンノヒノヒ，イシブミ,きねんのひのひ，いしぶみ
秘,ヒミツノヒ,ひみつのひ
緋,ヒイロノヒ,ひいろのひ
罷,ヒメンスルノヒ,ひめんするのひ
肥,ヒマンノヒ，コエル,ひまんのひ，こえる
被,ヒガイシャノヒ，コウムル,ひがいしゃのひ，こうむる
誹,ヒボウスルノヒ，ソシル,ひぼうするのひ，そしる
費,ショウヒノヒ,しょうひのひ
避,ヒショチノヒ，サケル,ひしょちのひ，さける
非,ヒジョウグチノヒ,ひじょうぐちのひ
飛,ヒコウキノヒ，トブ,ひこうきのひ，とぶ
樋,ヒグチイチヨウノヒ，トイ,ひぐちいちようのひ，とい
簸,ハ，タケカンムリニソノタノソニカワ,は，たけかんむりにそのたのそにかわ
備,ジュンビスルノビ，ソナエル,じゅんびするのび，そなえる
尾,ビコウスルノビ，オッポノオ,びこうするのび，おっぽのお
微,ビセイブツノビ,びせいぶつのび
枇,ショクブツノビワノビ，キヘンニクラベル,しょくぶつのびわのび，きへんにくらべる
毘,ビシャモンテンノビ,びしゃもんてんのび
琵,ビワコノビ,びわこのび
眉,マユ，ハクビノビ,まゆ，はくびのび
美,ビジンノビ，ウツクシイ,びじんのび，うつくしい
鼻,ハナカゼノハナ,はなかぜのはな
柊,ショクブツノヒイラギ，キヘンニフユ,しょくぶつのひいらぎ，きへんにふゆ
稗,ショクブツノヒエ,しょくぶつのひえ
匹,イッピキニヒキノヒキ,いっぴきにひきのひき
疋,オリモノノタンイノヒキ,おりもののたんいのひき
髭,クチヒゲノヒゲ,くちひげのひげ
彦,ヒコボシノヒコ,ひこぼしのひこ
膝,ヒザマクラノヒザ,ひざまくらのひざ
菱,ヒシガタノヒシ,ひしがたのひし
肘,ヒジ，ニクヅキニスンポウノスン,ひじ，にくづきにすんぽうのすん
弼,ホヒツノヒツ，スケ,ほひつのひつ，すけ
必,ヒツヨウノヒツ，カナラズ,ひつようのひつ，かならず
畢,ヒッキョウノヒツ，オワル,ひっきょうのひつ，おわる
筆,フデバコノフデ，ヒツ,ふでばこのふで，ひつ
逼,ヒッパクスルノヒツ,ひっぱくするのひつ
桧,ショクブツノヒノキ，キヘンニカイシャノカイ,しょくぶつのひのき，きへんにかいしゃのかい
姫,オヒメサマノヒメ,おひめさまのひめ
媛,エヒメケンノヒメ,えひめけんのひめ
紐,コシヒモノヒモ,こしひものひも
百,カンスウジノヒャク,かんすうじのひゃく
謬,ゴビュウノビュウ,ごびゅうのびゅう
俵,ドヒョウノヒョウ，タワラ,どひょうのひょう，たわら
彪,トラニサンヅクリノヒョウ,とらにさんづくりのひょう
標,モクヒョウノヒョウ,もくひょうのひょう
氷,ヒョウガノヒョウ，コオリ,ひょうがのひょう，こおり
漂,ヒョウリュウスルノヒョウ，タダヨウ,ひょうりゅうするのひょう，ただよう
瓢,ヒョウタンノヒョウ，ヒサゴ,ひょうたんのひょう，ひさご
票,トウヒョウスルノヒョウ,とうひょうするのひょう
表,ウラオモテノオモテ，ヒョウ,うらおもてのおもて，ひょう
評,ヒョウカスルノヒョウ,ひょうかするのひょう
豹,ドウブツノヒョウ,どうぶつのひょう
廟,レイビョウノビョウ,れいびょうのびょう
描,エガク，ビョウシャスルノビョウ,えがく，びょうしゃするのびょう
病,ビョウキノビョウ，ヤマイ,びょうきのびょう，やまい
秒,ビョウヨミノビョウ,びょうよみのびょう
苗,ナエギノナエ，ビョウ,なえぎのなえ，びょう
錨,イカリ，カネヘンニナエ,いかり，かねへんになえ
鋲,ガビョウノビョウ,がびょうのびょう
蒜,ショクブツノヒル,しょくぶつのひる
蛭,チヲスウドウブツノヒル,ちをすうどうぶつのひる
鰭,サカナノヒレ,さかなのひれ
品,シナモノノシナ，ヒン,しなもののしな，ひん
彬,ヒン，ハヤシニサンヅクリ，アキラ,ひん，はやしにさんづくり，あきら
斌,ヒン，ブンブリョウドウノブントブ,ひん，ぶんぶりょうどうのぶんとぶ
浜,スナハマノハマ,すなはまのはま
瀕,ヒンシノジュウショウノヒン,ひんしのじゅうしょうのひん
貧,ヒンジャクノヒン，マズシイ,ひんじゃくのひん，まずしい
賓,ライヒンノヒン,らいひんのひん
頻,ヒンパンナノヒン,ひんぱんなのひん
敏,ビンカンナノビン,びんかんなのびん
瓶,アキビンノビン,あきびんのびん
不,フシギノフ,ふしぎのふ
付,フロクノフ，ツケル,ふろくのふ，つける
埠,ミナトノフトウノフ,みなとのふとうのふ
夫,オット，フサイノフ,おっと，ふさいのふ
婦,フウフノフ,ふうふのふ
富,ホウフノフ，トム,ほうふのふ，とむ
冨,フジサンノフノイタイジ，ワカンムリ,ふじさんのふのいたいじ，わかんむり
布,ヌノ，モウフノフ,ぬの，もうふのふ
府,トドウフケンノフ,とどうふけんのふ
怖,キョウフノフ，コワイ,きょうふのふ，こわい
扶,フヨウカゾクノフ,ふようかぞくのふ
敷,シク，ザシキノシキ,しく，ざしきのしき
斧,ドウグノオノ,どうぐのおの
普,フキュウスルノフ,ふきゅうするのふ
浮,フリョクノフ，ウク,ふりょくのふ，うく
父,フボノフ，チチ,ふぼのふ，ちち
符,ギモンフノフ,ぎもんふのふ
腐,クサル，フハイスルノフ,くさる，ふはいするのふ
膚,ヒフノフ，ハダ,ひふのふ，はだ
芙,ショクブツノフヨウノフ,しょくぶつのふようのふ
譜,フメンノフ,ふめんのふ
負,カチマケノマケ，フ,かちまけのまけ，ふ
賦,ゲップバライノフ,げっぷばらいのふ
赴,フニンスルノフ，オモムク,ふにんするのふ，おもむく
阜,ギフケンノフ，オカ,ぎふけんのふ，おか
附,コザトヘンノツイタフゾクノフ,こざとへんのついたふぞくのふ
侮,ブジョクスルノブ，アナドル,ぶじょくするのぶ，あなどる
撫,アイブスルノブ，ナデル,あいぶするのぶ，なでる
武,ブキノブ,ぶきのぶ
舞,カブキノブ，マウ,かぶきのぶ，まう
葡,ブドウシュノブ,ぶどうしゅのぶ
蕪,ヤサイノカブ,やさいのかぶ
部,ブチョウノブ,ぶちょうのぶ
封,フウトウノフウ,ふうとうのふう
楓,ショクブツノカエデ，キヘンニカゼ,しょくぶつのかえで，きへんにかぜ
風,カゼ，タイフウノフウ,かぜ，たいふうのふう
葺,ヤネヲフクノフク,やねをふくのふく
蕗,ショクブツノフキ,しょくぶつのふき
伏,キフクニトムノフク，フセル,きふくにとむのふく，ふせる
副,フクカイチョウノフク,ふくかいちょうのふく
復,オウフクノフク,おうふくのふく
幅,ゾウフクスルノフク，ハバ,ぞうふくするのふく，はば
服,ヨウフクノフク,ようふくのふく
福,フクビキノフク,ふくびきのふく
腹,ハラペコノハラ，フク,はらぺこのはら，ふく
複,フクザツノフク,ふくざつのふく
覆,フクメンノフク，オオウ,ふくめんのふく，おおう
淵,ミズガヨドンデフカイフチ,みずがよどんでふかいふち
弗,フッソノフツ，ドル,ふっそのふつ，どる
払,カネヲハラウノハラウ,かねをはらうのはらう
沸,フットウスルノフツ，ワク,ふっとうするのふつ，わく
仏,ブツゾウノブツ，ホトケ,ぶつぞうのぶつ，ほとけ
物,ドウブツノブツ，モノ,どうぶつのぶつ，もの
鮒,フナ，サカナヘンニツケル,ふな，さかなへんにつける
分,ハンブンノブン，ワケル,はんぶんのぶん，わける
吻,セップンスルノフン,せっぷんするのふん
噴,フンカスルノフン，フク,ふんかするのふん，ふく
墳,コフンノフン,こふんのふん
憤,フンガイスルノフン，イキドオル,ふんがいするのふん，いきどおる
扮,フンソウヲコラスノフン,ふんそうをこらすのふん
焚,フンショコウジュノフン，タキビノタキ,ふんしょこうじゅのふん，たきびのたき
奮,コウフンノフン，フルウ,こうふんのふん，ふるう
粉,フンマツノフン，コナ,ふんまつのふん，こな
糞,フンニョウノフン，クソ,ふんにょうのふん，くそ
紛,フンシツスルノフン，マギレル,ふんしつするのふん，まぎれる
雰,フンイキノフン,ふんいきのふん
文,サクブンノブン,さくぶんのぶん
聞,シンブンノブン，キコエル,しんぶんのぶん，きこえる
丙,コウオツヘイノヘイ,こうおつへいのへい
併,ヘイヨウスルノヘイ，アワセル,へいようするのへい，あわせる
兵,ヘイタイノヘイ,へいたいのへい
塀,ヘイ，イタベイノヘイ,へい，いたべいのへい
幣,ゾウヘイキョクノヘイ,ぞうへいきょくのへい
平,ヘイワノヘイ，タイラ,へいわのへい，たいら
弊,ヘイガイノヘイ,へいがいのへい
柄,ヒトガラノガラ,ひとがらのがら
並,ナミキノナミ，ナラブ,なみきのなみ，ならぶ
蔽,シャヘイスルノヘイ,しゃへいするのへい
閉,ヘイテンノヘイ，トジル,へいてんのへい，とじる
陛,ヘイカノヘイ,へいかのへい
米,コメ，シンマイノマイ,こめ，しんまいのまい
頁,ページ,ぺーじ
僻,ヘキチノヘキ,へきちのへき
壁,ヘキガノヘキ，カベ,へきがのへき，かべ
癖,アクヘキノヘキ，クセ,あくへきのへき，くせ
碧,ヘキガンノヘキ,へきがんのへき
別,トクベツノベツ，ワカレル,とくべつのべつ，わかれる
瞥,イチベツスルノベツ,いちべつするのべつ
蔑,ケイベツスルノベツ，サゲスム,けいべつするのべつ，さげすむ
箆,ヘラ,へら
偏,ヘンセイフウノヘン，カタヨル,へんせいふうのへん，かたよる
変,ヘンカノヘン，カエル,へんかのへん，かえる
片,カタオモイノカタ，ヘン,かたおもいのかた，へん
篇,タケカンムリノヘンシュウスルノヘン,たけかんむりのへんしゅうするのへん
編,ヘンシュウスルノヘン，アム,へんしゅうするのへん，あむ
辺,シュウヘンノヘン，アタリ,しゅうへんのへん，あたり
返,ヘンジノヘン，カエス,へんじのへん，かえす
遍,フヘンテキナノヘン,ふへんてきなのへん
便,ユウビンノビン，タヨリ,ゆうびんのびん，たより
勉,ベンキョウノベン,べんきょうのべん
娩,ブンベンスルノベン,ぶんべんするのべん
弁,ベントウノベン,べんとうのべん
鞭,キョウベンヲトルノベン，ムチ,きょうべんをとるのべん，むち
保,ホケンシツノホ，タモツ,ほけんしつのほ，たもつ
舗,ホソウスルノホ,ほそうするのほ
鋪,カネヘンノホ,かねへんのほ
圃,ハタケノイミノホジョウノホ,はたけのいみのほじょうのほ
捕,タイホスルノホ，トラエル,たいほするのほ，とらえる
歩,アルク，ホドウノホ,あるく，ほどうのほ
甫,シジンノトホノホ,しじんのとほのほ
補,ホジョノホ，オギナウ,ほじょのほ，おぎなう
輔,クルマヘンノホサノホ,くるまへんのほさのほ
穂,イナホノホ,いなほのほ
募,ボシュウスルノボ，ツノル,ぼしゅうするのぼ，つのる
墓,ボチノボ，ハカ,ぼちのぼ，はか
慕,ボジョウノボ，シタウ,ぼじょうのぼ，したう
戊,ボシンセンソウノボ,ぼしんせんそうのぼ
暮,オセイボノボ，クラス,おせいぼのぼ，くらす
母,フボノボ，ハハ,ふぼのぼ，はは
簿,メイボノボ,めいぼのぼ
菩,ボダイジュノボ,ぼだいじゅのぼ
倣,モホウスルノホウ，ナラウ,もほうするのほう，ならう
俸,ホウキュウノホウ,ほうきゅうのほう
包,ホウタイノホウ，ツツム,ほうたいのほう，つつむ
呆,アキレル，ボウゼントスルノボウ,あきれる，ぼうぜんとするのぼう
報,ホウドウノホウ,ほうどうのほう
奉,ホウシカツドウノホウ，タテマツル,ほうしかつどうのほう，たてまつる
宝,ホウセキノホウ，タカラ,ほうせきのほう，たから
峰,サイコウホウノホウ，ミネ,さいこうほうのほう，みね
峯,ヤマカンムリノミネ，ホウ,やまかんむりのみね，ほう
崩,ホウカイスルノホウ，クズレル,ほうかいするのほう，くずれる
庖,マダレノホウチョウノホウ,まだれのほうちょうのほう
抱,ホウフヲカタルノホウ，ダク,ほうふをかたるのほう，だく
捧,ササゲル，ホウ,ささげる，ほう
放,ホウソウキョクノホウ，ハナツ,ほうそうきょくのほう，はなつ
方,オヤカタノカタ，ホウガクノホウ,おやかたのかた，ほうがくのほう
朋,ホウユウノホウ，トモ,ほうゆうのほう，とも
法,ホウリツノホウ,ほうりつのほう
泡,アワ，スイホウノホウ,あわ，すいほうのほう
烹,カッポウギノホウ,かっぽうぎのほう
砲,ホウガンナゲノホウ,ほうがんなげのほう
縫,サイホウスルノホウ，ヌウ,さいほうするのほう，ぬう
胞,サイボウノボウ,さいぼうのぼう
芳,カンバシイ，ホウコウザイノホウ,かんばしい，ほうこうざいのほう
萌,ホウガノホウ，モエル,ほうがのほう，もえる
蓬,ホウライサンノホウ，ヨモギ,ほうらいさんのほう，よもぎ
蜂,ハチミツノハチ，ホウ,はちみつのはち，ほう
褒,ホメル，ホウビノホウ,ほめる，ほうびのほう
訪,ホウモンスルノホウ，オトズレル,ほうもんするのほう，おとずれる
豊,ホウサクノホウ，ユタカ,ほうさくのほう，ゆたか
邦,イホウジンノホウ,いほうじんのほう
鋒,キュウセンポウノホウ，ホコサキ,きゅうせんぽうのほう，ほこさき
飽,アキル，ホウワノホウ,あきる，ほうわのほう
鳳,ホウオウノオウ，オオトリ,ほうおうのおう，おおとり
鵬,オオトリ，ホウユウノホウニトリ,おおとり，ほうゆうのほうにとり
乏,ビンボウノボウ，トボシイ,びんぼうのぼう，とぼしい
亡,ボウメイスルノボウ,ぼうめいするのぼう
傍,ボウカンシャノボウ，カタワラ,ぼうかんしゃのぼう，かたわら
剖,カイボウスルノボウ,かいぼうするのぼう
坊,ボウズノボウ,ぼうずのぼう
妨,ボウガイスルノボウ，サマタゲル,ぼうがいするのぼう，さまたげる
帽,ダツボウスルノボウ,だつぼうするのぼう
忘,ボウネンカイノボウ，ワスレル,ぼうねんかいのぼう，わすれる
忙,イソガシイ，タボウノボウ,いそがしい，たぼうのぼう
房,レイダンボウノボウ,れいだんぼうのぼう
暴,ボウリョクノボウ，アバレル,ぼうりょくのぼう，あばれる
望,キボウノボウ，ノゾム,きぼうのぼう，のぞむ
某,ナニガシノボウ,なにがしのぼう
棒,テツボウノボウ,てつぼうのぼう
冒,ボウケンカノボウ,ぼうけんかのぼう
紡,ボウセキノボウ，ツムグ,ぼうせきのぼう，つむぐ
肪,シボウブンノボウ,しぼうぶんのぼう
膨,ボウチョウスルノボウ，フクラム,ぼうちょうするのぼう，ふくらむ
謀,インボウノボウ，ハカル,いんぼうのぼう，はかる
貌,ビボウノボウ，カタチ,びぼうのぼう，かたち
貿,ボウエキコウノボウ,ぼうえきこうのぼう
鉾,カマボコノホコ,かまぼこのほこ
防,ヨボウスルノボウ，フセグ,よぼうするのぼう，ふせぐ
吠,ホエル，クチヘンニイヌ,ほえる，くちへんにいぬ
頬,ホオヅエノホオ,ほおづえのほお
北,キタミナミノキタ，ホク,きたみなみのきた，ほく
僕,シモベ，コウボクノボク,しもべ，こうぼくのぼく
卜,ウラナウ，ボク,うらなう，ぼく
墨,ボクジュウノボク，スミ,ぼくじゅうのぼく，すみ
撲,ダボクノボク,だぼくのぼく
朴,ソボクナノボク,そぼくなのぼく
牧,ボクジョウノボク,ぼくじょうのぼく
睦,シンボクカイノボク，ムツマジイイ,しんぼくかいのぼく，むつまじいい
穆,ノギヘンノボク,のぎへんのぼく
釦,イフクノボタン,いふくのぼたん
勃,ボッパツスルノボツ,ぼっぱつするのぼつ
没,チンボツスルノボツ,ちんぼつするのぼつ
殆,ホトンド,ほとんど
堀,ホリバタノホリ,ほりばたのほり
幌,ホロバシャノホロ,ほろばしゃのほろ
奔,ホンソウスルノホン,ほんそうするのほん
本,ホンモノノホン，モト,ほんもののほん，もと
翻,ホンヤクスルノホン,ほんやくするのほん
凡,ヘイボンノボン,へいぼんのぼん
盆,ボンオドリノボン,ぼんおどりのぼん
摩,マサツノマ,まさつのま
磨,ケンマスルノマ，ミガク,けんまするのま，みがく
魔,マホウノマ,まほうのま
麻,マスイノマ，アサ,ますいのま，あさ
埋,ウメル，マイボツスルノマイ,うめる，まいぼつするのまい
妹,イモウト，シマイノマイ,いもうと，しまいのまい
昧,アイマイナノマイ,あいまいなのまい
枚,マイスウノマイ,まいすうのまい
毎,マイニチノマイ,まいにちのまい
哩,タンイノマイル，クチヘンニサト,たんいのまいる，くちへんにさと
槙,ショクブツノマキ，キヘンニマゴコロノマ,しょくぶつのまき，きへんにまごころのま
幕,ジマクノマク,じまくのまく
膜,モウマクノマク,もうまくのまく
枕,マクラ,まくら
鮪,マグロ，サカナヘンニアル,まぐろ，さかなへんにある
柾,ショクブツノマサキ，キヘンニタダシイ,しょくぶつのまさき，きへんにただしい
鱒,マス，サカナヘンニソンケイスルノソン,ます，さかなへんにそんけいするのそん
桝,キヘンノマスノイタイジ,きへんのますのいたいじ
亦,セツゾクシノマタ，ヘンカスルノヘンノウエガワ,せつぞくしのまた，へんかするのへんのうえがわ
俣,ミナマタビョウノマタ,みなまたびょうのまた
又,マタガシノマタ,またがしのまた
抹,マッチャノマツ,まっちゃのまつ
末,ネンマツノマツ，スエ,ねんまつのまつ，すえ
沫,ホウマツノマツ，サンズイニスエ,ほうまつのまつ，さんずいにすえ
迄,コレマデノマデ,これまでのまで
侭,ワガママノママ，ニンベンニツクス,わがままのまま，にんべんにつくす
繭,マユ，カイコノマユ,まゆ，かいこのまゆ
麿,ウタマロノマロ,うたまろのまろ
万,マンネンヒツノマン,まんねんひつのまん
慢,ジマンスルノマン,じまんするのまん
満,マンゾクノマン,まんぞくのまん
漫,マンガノマン,まんがのまん
蔓,マンエンスルノマン，ツル,まんえんするのまん，つる
味,イミノミ，アジ,いみのみ，あじ
未,ミライノミ,みらいのみ
魅,ミリョクノミ,みりょくのみ
巳,ミ，ジュウニシノミ,み，じゅうにしのみ
箕,ノウグノミ，タケカンムリニソ,のうぐのみ，たけかんむりにそ
岬,エリモミサキノミサキ,えりもみさきのみさき
密,ヒミツノミツ,ひみつのみつ
蜜,ハチミツノミツ,はちみつのみつ
湊,ミナト，サンズイニカナデル,みなと，さんずいにかなでる
蓑,ミノムシノミノ,みのむしのみの
稔,ミノル，ノギヘンニザンネンノネン,みのる，のぎへんにざんねんのねん
脈,サンミャクノミャク,さんみゃくのみゃく
妙,キミョウナノミョウ,きみょうなのみょう
粍,ナガサノタンイノミリメートル,ながさのたんいのみりめーとる
民,コクミンノミン，タミ,こくみんのみん，たみ
眠,ネムル，スイミンノミン,ねむる，すいみんのみん
務,ギムノム，ツトメル,ぎむのむ，つとめる
夢,ユメ，ムチュウノム,ゆめ，むちゅうのむ
無,ムリノム，ナイ,むりのむ，ない
牟,シャカムニノム，ムノシタニウシ,しゃかむにのむ，むのしたにうし
矛,ムジュンノム，ホコ,むじゅんのむ，ほこ
霧,ノウムノム，キリ,のうむのむ，きり
鵡,トリノオウムノム,とりのおうむのむ
椋,ムクドリノムク，キヘンニキョウトノキョウ,むくどりのむく，きへんにきょうとのきょう
婿,ハナムコノムコ,はなむこのむこ
娘,ヒトリムスメノムスメ,ひとりむすめのむすめ
冥,メイフクヲイノルノメイ,めいふくをいのるのめい
名,ナマエノナ，メイ,なまえのな，めい
命,ウンメイノメイ，イノチ,うんめいのめい，いのち
明,セツメイノメイ，アカルイ,せつめいのめい，あかるい
盟,ドウメイスルノメイ,どうめいするのめい
迷,メイワクノメイ，マヨウ,めいわくのめい，まよう
銘,メイガラノメイ,めいがらのめい
鳴,ヒメイヲアゲルノメイ，ナク,ひめいをあげるのめい，なく
姪,オイメイノメイ,おいめいのめい
牝,ヒンバノヒン，メス,ひんばのひん，めす
滅,ハメツスルノメツ，ホロビル,はめつするのめつ，ほろびる
免,メンキョノメン,めんきょのめん
棉,ショクブツノワタ，キヘン,しょくぶつのわた，きへん
綿,ワタ，モメンノメン,わた，もめんのめん
緬,チリメンノメン,ちりめんのめん
面,ジメンノメン,じめんのめん
麺,メンルイノメン,めんるいのめん
摸,モシャスルノモ，テヘン,もしゃするのも，てへん
模,モケイノモ,もけいのも
茂,ハンモノモ，シゲル,はんものも，しげる
妄,コダイモウソウノモウ,こだいもうそうのもう
孟,コウシモウシノモウ,こうしもうしのもう
毛,ケイトノケ，ウモウノモウ,けいとのけ，うもうのもう
猛,モウショノモウ,もうしょのもう
盲,モウガッコウノモウ,もうがっこうのもう
網,モウマクノモウ，アミ,もうまくのもう，あみ
耗,ショウモウヒンノモウ,しょうもうひんのもう
蒙,ケイモウスルノモウ,けいもうするのもう
儲,モウカル，ニンベンニショクンノショ,もうかる，にんべんにしょくんのしょ
木,モクヨウビノモク，キ,もくようびのもく，き
黙,チンモクノモク，ダマル,ちんもくのもく，だまる
目,モクテキノモク，メ,もくてきのもく，め
杢,モク，キノシタニコウ,もく，きのしたにこう
勿,モチロンノモチ,もちろんのもち
餅,モチツキノモチ,もちつきのもち
尤,セツゾクシノモットモ,せつぞくしのもっとも
戻,モドル，ヘンレイキンノレイ,もどる，へんれいきんのれい
籾,モミガラノモミ,もみがらのもみ
貰,モラウ,もらう
問,モンダイノモン，トウ,もんだいのもん，とう
悶,クモンスルノモン，モダエル,くもんするのもん，もだえる
紋,モンショウノモン,もんしょうのもん
門,センモンノモン,せんもんのもん
匁,オモサノタンイノモンメ,おもさのたんいのもんめ
也,クウヤネンブツノヤ，ナリ,くうやねんぶつのや，なり
冶,ヤキンガクノヤ,やきんがくのや
夜,コンヤノヤ，ヨル,こんやのや，よる
爺,コウコウヤノヤ，ジイ,こうこうやのや，じい
耶,ウヤムヤノヤ,うやむやのや
野,ヤサイノヤ，ノハラノノ,やさいのや，のはらのの
弥,アミダブツノミ,あみだぶつのみ
矢,ユミヤノヤ,ゆみやのや
厄,ヤクドシノヤク,やくどしのやく
役,ヤクワリノヤク,やくわりのやく
約,ヤクソクノヤク,やくそくのやく
薬,ヤクヒンノヤク，クスリ,やくひんのやく，くすり
訳,ツウヤクノヤク，ワケ,つうやくのやく，わけ
躍,カツヤクスルノヤク,かつやくするのやく
靖,ヤスクニジンジャノヤス,やすくにじんじゃのやす
柳,ヤナギ，センリュウノリュウ,やなぎ，せんりゅうのりゅう
薮,ヤブ，クサカンムリニサンスウノスウ,やぶ，くさかんむりにさんすうのすう
鑓,ヤリ，カネヘンニハケンスルノケン,やり，かねへんにはけんするのけん
愉,ユカイナノユ,ゆかいなのゆ
愈,ユ，イヨイヨ,ゆ，いよいよ
油,セイキユノユ，アブラ,せいきゆのゆ，あぶら
癒,チユスルノユ，イヤス,ちゆするのゆ，いやす
諭,キョウユノユ，サトス,きょうゆのゆ，さとす
輸,ユニュウノユ,ゆにゅうのゆ
唯,ユイイツノユイ,ゆいいつのゆい
佑,テンユウノユウ，ニンベンニミギ,てんゆうのゆう，にんべんにみぎ
優,ユウショウスルノユウ，ヤサシイ,ゆうしょうするのゆう，やさしい
勇,ユウキノユウ，イサマシイ,ゆうきのゆう，いさましい
友,ユウジンノユウ，トモ,ゆうじんのゆう，とも
宥,ナダメル，ユウジョノユウ,なだめる，ゆうじょのゆう
幽,ユウレイセンノユウ,ゆうれいせんのゆう
悠,ユウユウジテキノユウ,ゆうゆうじてきのゆう
憂,ユウウツノユウ，ウレウ,ゆううつのゆう，うれう
揖,イチユウノユウ，テヘンニクチノシタニミミ,いちゆうのゆう，てへんにくちのしたにみみ
有,ユウメイジンノユウ，アル,ゆうめいじんのゆう，ある
柚,ショクブツノユズ，ユウ,しょくぶつのゆず，ゆう
湧,ユウシュツスルノユウ，ワク,ゆうしゅつするのゆう，わく
涌,ワク，コワクダニノワク,わく，こわくだにのわく
猶,ユウヨスルノユウ,ゆうよするのゆう
猷,ハカリゴトヲイミスルユウ,はかりごとをいみするゆう
由,リユウノユウ,りゆうのゆう
祐,テンユウノユウ，シメスヘンニミギ,てんゆうのゆう，しめすへんにみぎ
裕,ヨユウノユウ,よゆうのゆう
誘,サソウ，ユウワクノユウ,さそう，ゆうわくのゆう
遊,ユウエンチノユウ，アソブ,ゆうえんちのゆう，あそぶ
邑,トユウノユウ，ムラ,とゆうのゆう，むら
郵,ユウビンノユウ,ゆうびんのゆう
雄,オスメスノオス，ユウ,おすめすのおす，ゆう
融,キンユウノユウ,きんゆうのゆう
夕,ユウガタノユウ,ゆうがたのゆう
予,ヨテイノヨ,よていのよ
余,ヨユウノヨ，アマル,よゆうのよ，あまる
与,アタエル，キュウヨノヨ,あたえる，きゅうよのよ
誉,メイヨノヨ，ホマレ,めいよのよ，ほまれ
輿,タマノコシノコシ,たまのこしのこし
預,ヨキンノヨ，アズケル,よきんのよ，あずける
傭,ヨウヘイノヨウ，ヤトウ,ようへいのよう，やとう
幼,ヨウチエンノヨウ，オサナイ,ようちえんのよう，おさない
妖,モリノヨウセイノヨウ,もりのようせいのよう
容,ヨウセキノヨウ,ようせきのよう
庸,ボンヨウナノヨウ,ぼんようなのよう
揚,アゲル，カラアゲ,あげる，からあげ
揺,ユレル，ドウヨウスルノヨウ,ゆれる，どうようするのよう
擁,ヨウリツスルノヨウ,ようりつするのよう
曜,ニチヨウビノヨウ,にちようびのよう
楊,ツマヨウジノヨウ，ヤナギ,つまようじのよう，やなぎ
様,カミサマノサマ，ヨウ,かみさまのさま，よう
洋,ヨウフクノヨウ,ようふくのよう
溶,ヨウエキノヨウ，トケル,ようえきのよう，とける
熔,ヨウガンノヨウ，ヒヘンニナイヨウノヨウ,ようがんのよう，ひへんにないようのよう
用,リヨウスルノヨウ，モチイル,りようするのよう，もちいる
窯,カマモトノカマ，ヨウ,かまもとのかま，よう
羊,ヨウモウノヨウ，ヒツジ,ようもうのよう，ひつじ
耀,エイヨウエイガノヨウ，カガヤク,えいようえいがのよう，かがやく
葉,キノハノハ，ヨウ,きのはのは，よう
蓉,ショクブツノフヨウノヨウ,しょくぶつのふようのよう
要,ヨウキュウスルノヨウ,ようきゅうするのよう
謡,ミンヨウノヨウ,みんようのよう
踊,オドル，ブヨウノヨウ,おどる，ぶようのよう
遥,ヨウハイスルノヨウ，ハルカ,ようはいするのよう，はるか
陽,タイヨウケイノヨウ,たいようけいのよう
養,エイヨウノヨウ，ヤシナウ,えいようのよう，やしなう
慾,ヨクボウノヨク，シタゴコロアリ,よくぼうのよく，したごころあり
抑,ヨクセイスルノヨク，オサエル,よくせいするのよく，おさえる
欲,ヨクボウノヨク，ホシイ,よくぼうのよく，ほしい
沃,ヒヨクナトチノヨク,ひよくなとちのよく
浴,ニュウヨクスルノヨク，アビル,にゅうよくするのよく，あびる
翌,ヨクジツノヨク,よくじつのよく
翼,ツバサ，ビヨクノヨク,つばさ，びよくのよく
淀,ヨドガワノヨド,よどがわのよど
羅,モウラスルノラ,もうらするのら
螺,ラセンノラ,らせんのら
裸,ハダカ，ラタイノラ,はだか，らたいのら
来,ライネンノライ，クル,らいねんのらい，くる
莱,ホウライサンノライ,ほうらいさんのらい
頼,タノム，イライノライ,たのむ，いらいのらい
雷,カミナリ，ライウノライ,かみなり，らいうのらい
洛,ジョウラクスルノラク,じょうらくするのらく
絡,レンラクスルノラク，カラム,れんらくするのらく，からむ
落,ラクセンスルノラク，オチル,らくせんするのらく，おちる
酪,ラクノウノラク,らくのうのらく
乱,コンランノラン，ミダレル,こんらんのらん，みだれる
卵,タマゴ,たまご
嵐,アラシヤマノアラシ,あらしやまのあらし
欄,クウランノラン,くうらんのらん
濫,カセンノハンランノラン,かせんのはんらんのらん
藍,アイイロノアイ，ラン,あいいろのあい，らん
蘭,ランガクノラン,らんがくのらん
覧,ハクランカイノラン,はくらんかいのらん
利,ケンリノリ,けんりのり
吏,ヤクニンヲイミスルカンリノリ,やくにんをいみするかんりのり
履,リレキショノリ,りれきしょのり
李,リカニカンムリヲタダサズノリ，スモモ,りかにかんむりをたださずのり，すもも
梨,クダモノノナシ,くだもののなし
理,リユウノリ,りゆうのり
璃,ルリイロノリ,るりいろのり
痢,ゲリヲスルノリ,げりをするのり
裏,ウラオモテノウラ,うらおもてのうら
裡,キンリノリ，コロモヘンニサト,きんりのり，ころもへんにさと
里,サトガエリノサト，リ,さとがえりのさと，り
離,ハナレル，リリクノリ,はなれる，りりくのり
陸,リクジョウノリク,りくじょうのりく
律,ホウリツノリツ,ほうりつのりつ
率,ヒリツノリツ，ヒキイル,ひりつのりつ，ひきいる
立,ドクリツノリツ，タツ,どくりつのりつ，たつ
葎,ショクブツノムグラ，クサカンムリニホウリツノリツ,しょくぶつのむぐら，くさかんむりにほうりつのりつ
掠,カスメル，リャクダツノリャク,かすめる，りゃくだつのりゃく
略,リャクゴノリャク,りゃくごのりゃく
劉,リュウホウノリュウ,りゅうほうのりゅう
流,リュウコウノリュウ，ナガス,りゅうこうのりゅう，ながす
溜,リュウインガサガルノリュウ，タマリ,りゅういんがさがるのりゅう，たまり
琉,リュウキュウノリュウ,りゅうきゅうのりゅう
留,リュウガクノリュウ,りゅうがくのりゅう
硫,リュウサンノリュウ,りゅうさんのりゅう
粒,ツブ，リュウシノリュウ,つぶ，りゅうしのりゅう
隆,リュウキスルノリュウ,りゅうきするのりゅう
竜,キョウリュウノリュウ，タツ,きょうりゅうのりゅう，たつ
龍,タツ，リュウノキュウジ,たつ，りゅうのきゅうじ
侶,ソウリョノリョ,そうりょのりょ
慮,エンリョスルノリョ,えんりょするのりょ
旅,リョコウノリョ，タビ,りょこうのりょ，たび
虜,ホリョノリョ，トリコ,ほりょのりょ，とりこ
了,リョウショウスルノリョウ,りょうしょうするのりょう
亮,ジンメイノリョウ，ショカツリョウノリョウ,じんめいのりょう，しょかつりょうのりょう
僚,カイシャノドウリョウノリョウ,かいしゃのどうりょうのりょう
両,リョウテノリョウ,りょうてのりょう
凌,リョウガスルノリョウ，シノグ,りょうがするのりょう，しのぐ
寮,ガクセイリョウノリョウ,がくせいりょうのりょう
料,リョウリスルノリョウ,りょうりするのりょう
梁,リョウザンパクノリョウ，ハリ,りょうざんぱくのりょう，はり
涼,スズシイ，ノウリョウノリョウ,すずしい，のうりょうのりょう
猟,リョウジュウノリョウ,りょうじゅうのりょう
療,チリョウスルノリョウ,ちりょうするのりょう
瞭,メイリョウナノリョウ,めいりょうなのりょう
稜,ヤマノリョウセンノリョウ,やまのりょうせんのりょう
糧,ショクリョウノリョウ，カテ,しょくりょうのりょう，かて
良,カイリョウノリョウ，ヨイ,かいりょうのりょう，よい
諒,リョウカイスルノリョウ，ゴンベンニキョウトノキョウ,りょうかいするのりょう，ごんべんにきょうとのきょう
遼,ゼントリョウエンノリョウ，ハルカ,ぜんとりょうえんのりょう，はるか
量,コウスイリョウノリョウ，ハカル,こうすいりょうのりょう，はかる
陵,キュウリョウチノリョウ，ミササギ,きゅうりょうちのりょう，みささぎ
領,ダイトウリョウノリョウ,だいとうりょうのりょう
力,チカラ，タイリョクノリョク,ちから，たいりょくのりょく
緑,ミドリ，リョクチャノリョク,みどり，りょくちゃのりょく
倫,リンリテキナノリン,りんりてきなのりん
厘,クブクリンノリン,くぶくりんのりん
林,シンリンノリン，ハヤシ,しんりんのりん，はやし
淋,サビシイ，サンズイニハヤシ,さびしい，さんずいにはやし
燐,リンサンヒリョウノリン,りんさんひりょうのりん
琳,オウヘンニハヤシノリン,おうへんにはやしのりん
臨,リンジノリン,りんじのりん
輪,シャリンノリン，ワ,しゃりんのりん，わ
隣,トナリ，リンジンノリン,となり，りんじんのりん
鱗,ウロコ，ヘンリンノリン,うろこ，へんりんのりん
麟,キリンノリン,きりんのりん
瑠,ルリイロノル,るりいろのる
塁,マンルイノルイ,まんるいのるい
涙,ナミダ，ルイセンノルイ,なみだ，るいせんのるい
累,ルイセキスルノルイ,るいせきするのるい
類,ジンルイノルイ,じんるいのるい
令,メイレイノレイ,めいれいのれい
伶,レイジンノレイ，ニンベンニメイレイノレイ,れいじんのれい，にんべんにめいれいのれい
例,レイダイノレイ，タトエル,れいだいのれい，たとえる
冷,レイトウノレイ，ツメタイ,れいとうのれい，つめたい
励,ゲキレイスルノレイ，ハゲマス,げきれいするのれい，はげます
嶺,サンレイノレイ，ミネ,さんれいのれい，みね
怜,リッシンベンニメイレイノレイ,りっしんべんにめいれいのれい
玲,レイロウナノレイ，オウヘンニメイレイノレイ,れいろうなのれい，おうへんにめいれいのれい
礼,レイギノレイ,れいぎのれい
苓,レイ，クサカンムリニメイレイノレイ,れい，くさかんむりにめいれいのれい
鈴,スズムシノスズ,すずむしのすず
隷,ドレイカイホウノレイ,どれいかいほうのれい
零,レイサイキギョウノレイ,れいさいきぎょうのれい
霊,レイエンノレイ，タマ,れいえんのれい，たま
麗,カレイナノレイ，ウルワシイ,かれいなのれい，うるわしい
齢,ネンレイノレイ,ねんれいのれい
暦,セイレキノレキ，コヨミ,せいれきのれき，こよみ
歴,レキシノレキ,れきしのれき
列,ギョウレツノレツ,ぎょうれつのれつ
劣,オトル，ユウレツノレツ,おとる，ゆうれつのれつ
烈,キョウレツナノレツ,きょうれつなのれつ
裂,ブンレツスルノレツ，サケル,ぶんれつするのれつ，さける
廉,レンカバンノレン,れんかばんのれん
恋,コイビトノコイ，レン,こいびとのこい，れん
憐,カレンナノレン，アワレム,かれんなのれん，あわれむ
漣,レン，サザナミ,れん，さざなみ
煉,レンガノレン，ネル,れんがのれん，ねる
簾,スダレ，レン,すだれ，れん
練,レンシュウノレン,れんしゅうのれん
聯,ミミヘンノレンゴウノレン,みみへんのれんごうのれん
蓮,レンコンノレン，ハス,れんこんのれん，はす
連,レンラクノレン,れんらくのれん
錬,レンキンジュツノレン,れんきんじゅつのれん
呂,オフロノロ,おふろのろ
魯,ロ，サカナノシタニニチヨウビノニチ,ろ，さかなのしたににちようびのにち
櫓,ヒノミヤグラノヤグラ,ひのみやぐらのやぐら
炉,ダンロノロ,だんろのろ
賂,ワイロノロ,わいろのろ
路,ドウロノロ,どうろのろ
露,ロシュツノロ，ツユ,ろしゅつのろ，つゆ
労,ロウドウノロウ,ろうどうのろう
婁,ロウカクノロウノキュウジノツクリ,ろうかくのろうのきゅうじのつくり
廊,ワタリロウカノロウ,わたりろうかのろう
弄,ホンロウスルノロウ，モテアソブ,ほんろうするのろう，もてあそぶ
朗,ロウドクノロウ,ろうどくのろう
楼,マテンロウノロウ,まてんろうのろう
榔,ショクブツノビンロウジュノロウ,しょくぶつのびんろうじゅのろう
浪,ロウヒスルノロウ,ろうひするのろう
漏,モラス，ロウデンノロウ,もらす，ろうでんのろう
牢,ロウヤノロウ,ろうやのろう
狼,オオカミ，ロウバイスルノロウ,おおかみ，ろうばいするのろう
篭,カゴノイタイジ，タケカンムリニキョウリュウノリュウ,かごのいたいじ，たけかんむりにきょうりゅうのりゅう
老,ロウジンノロウ,ろうじんのろう
聾,ロウガッコウノロウ,ろうがっこうのろう
蝋,ロウソクタテノロウ,ろうそくたてのろう
郎,モモタロウノロウ,ももたろうのろう
六,カンスウジノロク,かんすうじのろく
麓,サンロクノロク，フモト,さんろくのろく，ふもと
禄,ゲンロクブンカノロク,げんろくぶんかのろく
肋,ロクマクエンノロク,ろくまくえんのろく
録,ロクオンノロク,ろくおんのろく
論,ケツロンノロン,けつろんのろん
倭,ギシワジンデンノワ,ぎしわじんでんのわ
和,ワフクノワ,わふくのわ
話,ハナシ，デンワノワ,はなし，でんわのわ
歪,ヒズム，ワイキョクスルノワイ,ひずむ，わいきょくするのわい
賄,ワイロノワイ，マカナウ,わいろのわい，まかなう
脇,ワキヤクノワキ,わきやくのわき
惑,メイワクノワク,めいわくのわく
枠,ソトワクノワク,そとわくのわく
鷲,トリノワシ,とりのわし
亙,ジンメイヨウワタルノキョヨウジタイ,じんめいようわたるのきょようじたい
亘,ジンメイノワタル，カキネノカキノツクリ,じんめいのわたる，かきねのかきのつくり
鰐,ドウブツノワニ,どうぶつのわに
詫,オワビスルノワビ,おわびするのわび
藁,ムギワラノワラ,むぎわらのわら
蕨,ショクブツノワラビ,しょくぶつのわらび
椀,キヘンノシルワンノワン,きへんのしるわんのわん
湾,ワンガンノワン,わんがんのわん
碗,イシヘンノチャワンノワン,いしへんのちゃわんのわん
腕,ウデ，ワンリョクノワン,うで，わんりょくのわん
