配当学年,漢字,田町読み（新しい詳細読み）　カタカナ,田町読み（新しい詳細読み）　ひらがな
1,一,カンスウジノイチ,かんすうじのいち
1,右,ミギ，サユウノユウ,みぎ，さゆうのゆう
1,雨,アメ，ウテンノウ,あめ，うてんのう
1,円,ヒャクエンダマノエン,ひゃくえんだまのえん
1,王,オウサマノオウ,おうさまのおう
1,音,オト，オンガクノオン,おと，おんがくのおん
1,下,ジョウゲノゲ，シタ,じょうげのげ，した
1,火,カヨウビノカ，ヒ,かようびのか，ひ
1,花,ハナ，カビンノカ,はな，かびんのか
1,貝,カイガラノカイ,かいがらのかい
1,学,マナブ，ガクシュウノガク,まなぶ，がくしゅうのがく
1,気,クウキノキ,くうきのき
1,九,カンスウジノキュウ,かんすうじのきゅう
1,休,ヤスム，キュウジツノキュウ,やすむ，きゅうじつのきゅう
1,玉,ミズタマノタマ，ギョク,みずたまのたま，ぎょく
1,金,キンヨウビノキン，カネ,きんようびのきん，かね
1,空,クウキノクウ，ソラ,くうきのくう，そら
1,月,ゲツヨウビノゲツ，ツキ,げつようびのげつ，つき
1,犬,イヌ，モウドウケンノケン,いぬ，もうどうけんのけん
1,見,ミル，ケンブツノケン,みる，けんぶつのけん
1,五,カンスウジノゴ,かんすうじのご
1,口,クチブエノクチ，コウ,くちぶえのくち，こう
1,校,ガッコウノコウ,がっこうのこう
1,左,ヒダリ，サユウノサ,ひだり，さゆうのさ
1,三,カンスウジノサン,かんすうじのさん
1,山,ヤマ，サンミャクノサン,やま，さんみゃくのさん
1,子,コドモノコ,こどものこ
1,四,カンスウジノヨン,かんすうじのよん
1,糸,ケイトノイト，シ,けいとのいと，し
1,字,ローマジノジ,ろーまじのじ
1,耳,ミミ，ジビカノジ,みみ，じびかのじ
1,七,カンスウジノナナ,かんすうじのなな
1,車,クルマ，デンシャノシャ,くるま，でんしゃのしゃ
1,手,テアシノテ，シュ,てあしのて，しゅ
1,十,カンスウジノジュウ,かんすうじのじゅう
1,出,デル，ガイシュツノシュツ,でる，がいしゅつのしゅつ
1,女,オンナ，ジョシノジョ,おんな，じょしのじょ
1,小,ダイショウノショウ，チイサイ,だいしょうのしょう，ちいさい
1,上,ジョウゲノジョウ，ウエ,じょうげのじょう，うえ
1,森,シンリンノシン，モリ,しんりんのしん，もり
1,人,ヒト，ニンゲンノニン,ひと，にんげんのにん
1,水,スイヨウビノスイ，ミズ,すいようびのすい，みず
1,正,タダシイ，ショウガツノショウ,ただしい，しょうがつのしょう
1,生,イキル，セイカツノセイ,いきる，せいかつのせい
1,青,アオイ，セイシュンノセイ,あおい，せいしゅんのせい
1,夕,ユウガタノユウ,ゆうがたのゆう
1,石,ホウセキノセキ，イシ,ほうせきのせき，いし
1,赤,アカンボウノアカ，セキ,あかんぼうのあか，せき
1,千,カンスウジノセン,かんすうじのせん
1,川,カセンノセン，カワ,かせんのせん，かわ
1,先,センセイノセン，サキ,せんせいのせん，さき
1,早,ソウチョウノソウ，ハヤイ,そうちょうのそう，はやい
1,草,クサ，ソウゲンノソウ,くさ，そうげんのそう
1,足,アシ，エンソクノソク,あし，えんそくのそく
1,村,ムラ，シチョウソンノソン,むら，しちょうそんのそん
1,大,ダイショウノダイ，オオキイ,だいしょうのだい，おおきい
1,男,オトコ，ダンシノダン,おとこ，だんしのだん
1,竹,タケ，ショウチクバイノチク,たけ，しょうちくばいのちく
1,中,チュウガクノチュウ，ナカ,ちゅうがくのちゅう，なか
1,虫,ムシ，コンチュウノチュウ,むし，こんちゅうのちゅう
1,町,マチ，シチョウソンノチョウ,まち，しちょうそんのちょう
1,天,テンキヨホウノテン,てんきよほうのてん
1,田,スイデンノデン，タ,すいでんのでん，た
1,土,ドヨウビノド，ツチ,どようびのど，つち
1,二,カンスウジノニ,かんすうじのに
1,日,ニチヨウビノニチ，ヒ,にちようびのにち，ひ
1,入,ハイル，ニュウガクノニュウ,はいる，にゅうがくのにゅう
1,年,ガクネンノネン，トシ,がくねんのねん，とし
1,白,シロイ，ハクチョウノハク,しろい，はくちょうのはく
1,八,カンスウジノハチ,かんすうじのはち
1,百,カンスウジノヒャク,かんすうじのひゃく
1,文,サクブンノブン,さくぶんのぶん
1,木,モクヨウビノモク，キ,もくようびのもく，き
1,本,ホンモノノホン，モト,ほんもののほん，もと
1,名,ナマエノナ，メイ,なまえのな，めい
1,目,モクテキノモク，メ,もくてきのもく，め
1,立,ドクリツノリツ，タツ,どくりつのりつ，たつ
1,力,チカラ，タイリョクノリョク,ちから，たいりょくのりょく
1,林,シンリンノリン，ハヤシ,しんりんのりん，はやし
1,六,カンスウジノロク,かんすうじのろく
2,引,インヨウスルノイン，ヒク,いんようするのいん，ひく
2,羽,ハネ，ウモウノウ,はね，うもうのう
2,雲,クモノウエノクモ，ウン,くものうえのくも，うん
2,園,ドウブツエンノエン,どうぶつえんのえん
2,遠,エンソクノエン，トオイ,えんそくのえん，とおい
2,何,ナニモノノナニ,なにもののなに
2,科,キョウカショノカ,きょうかしょのか
2,夏,ナツヤスミノナツ，カ,なつやすみのなつ，か
2,家,イエ，カゾクノカ,いえ，かぞくのか
2,歌,ウタ，カシュノカ,うた，かしゅのか
2,画,ガヨウシノガ,がようしのが
2,回,マワル，カイテンノカイ,まわる，かいてんのかい
2,会,カイシャノカイ，アウ,かいしゃのかい，あう
2,海,ウミ，カイガイノカイ,うみ，かいがいのかい
2,絵,エホンノエ,えほんのえ
2,外,ガイコクノガイ，ソト,がいこくのがい，そと
2,角,カクドノカク，ツノ,かくどのかく，つの
2,楽,オンガクノガク，タノシイ,おんがくのがく，たのしい
2,活,セイカツノカツ,せいかつのかつ
2,間,ジカンノカン，アイダ,じかんのかん，あいだ
2,丸,ヒノマルノマル，ガン,ひのまるのまる，がん
2,岩,イワ，ガンセキ,いわ，がんせき
2,顔,カオイロノカオ，ガン,かおいろのかお，がん
2,汽,キテキノキ,きてきのき
2,記,キロクノキ，シルス,きろくのき，しるす
2,帰,キタクスルノキ，カエル,きたくするのき，かえる
2,弓,ユミヤノユミ,ゆみやのゆみ
2,牛,ウシ，ギュウニュウノギュウ,うし，ぎゅうにゅうのぎゅう
2,魚,サカナ，キンギョノギョ,さかな，きんぎょのぎょ
2,京,トウキョウノキョウ,とうきょうのきょう
2,強,ベンキョウノキョウ，ツヨイ,べんきょうのきょう，つよい
2,教,キョウカショノキョウ，オシエル,きょうかしょのきょう，おしえる
2,近,キンジョノキン，チカイ,きんじょのきん，ちかい
2,兄,アニオトウトノアニ,あにおとうとのあに
2,形,チョウホウケイノケイ，カタチ,ちょうほうけいのけい，かたち
2,計,トケイノケイ，ハカル,とけいのけい，はかる
2,元,ゲンキノゲン，モト,げんきのげん，もと
2,言,ゲンゴノゲン，イウ,げんごのげん，いう
2,原,ゲンインノゲン，ハラ,げんいんのげん，はら
2,戸,トジマリノト，コ,とじまりのと，こ
2,古,フルイ，コダイノコ,ふるい，こだいのこ
2,午,ショウゴノゴ,しょうごのご
2,後,ウシロ，ゼンゴノゴ,うしろ，ぜんごのご
2,語,コクゴノゴ，カタル,こくごのご，かたる
2,工,ズコウノコウ,ずこうのこう
2,公,シュジンコウノコウ，オオヤケ,しゅじんこうのこう，おおやけ
2,広,ヒロバノヒロ，コウ,ひろばのひろ，こう
2,交,コウツウノコウ，マジワル,こうつうのこう，まじわる
2,光,ヒカリ，ニッコウノコウ,ひかり，にっこうのこう
2,考,カンガエル，サンコウショノコウ,かんがえる，さんこうしょのこう
2,行,リョコウノコウ，イク,りょこうのこう，いく
2,高,タカイ，サイコウノコウ,たかい，さいこうのこう
2,黄,キイロノキ，オウ,きいろのき，おう
2,合,ゴウカクノゴウ，アウ,ごうかくのごう，あう
2,谷,タニガワノタニ，コク,たにがわのたに，こく
2,国,コクゴノコク，クニ,こくごのこく，くに
2,黒,コクバンノコク，クロ,こくばんのこく，くろ
2,今,コンゲツノコン，イマ,こんげつのこん，いま
2,才,サイノウノサイ,さいのうのさい
2,細,ホソイフトイノホソイ，サイ,ほそいふといのほそい，さい
2,作,サクブンノサク，ツクル,さくぶんのさく，つくる
2,算,サンスウノサン,さんすうのさん
2,止,キンシスルノシ，トメル,きんしするのし，とめる
2,市,シヤクショノシ，イチ,しやくしょのし，いち
2,矢,ユミヤノヤ,ゆみやのや
2,姉,アネ，シマイノシ,あね，しまいのし
2,思,フシギノシ，オモウ,ふしぎのし，おもう
2,紙,ガヨウシノシ，カミ,がようしのし，かみ
2,寺,テラ，ジインノジ,てら，じいんのじ
2,自,ジテンシャノジ，ミズカラ,じてんしゃのじ，みずから
2,時,ジカンノジ，トキ,じかんのじ，とき
2,室,キョウシツノシツ,きょうしつのしつ
2,社,シャカイノシャ，ヤシロ,しゃかいのしゃ，やしろ
2,弱,キョウジャクノジャク，ヨワイ,きょうじゃくのじゃく，よわい
2,首,シュトノシュ，クビ,しゅとのしゅ，くび
2,秋,アキマツリノアキ，シュウ,あきまつりのあき，しゅう
2,週,イッシュウカンノシュウ,いっしゅうかんのしゅう
2,春,ハルヤスミノハル，シュン,はるやすみのはる，しゅん
2,書,キョウカショノショ，カク,きょうかしょのしょ，かく
2,少,オオイスクナイノショウ，ショウ,おおいすくないのしょう，しょう
2,場,バショノバ，ジョウ,ばしょのば，じょう
2,色,イロエンピツノイロ，ショク,いろえんぴつのいろ，しょく
2,食,タベル，キュウショクノショク,たべる，きゅうしょくのしょく
2,心,ココロ，アンシンノシン,こころ，あんしんのしん
2,新,アタラシイ，シンブンノシン,あたらしい，しんぶんのしん
2,親,オヤ，リョウシンノシン,おや，りょうしんのしん
2,図,トショカンノト，ズ,としょかんのと，ず
2,数,サンスウノスウ，カズ,さんすうのすう，かず
2,西,ニシヒガシノニシ，セイ,にしひがしのにし，せい
2,声,コエ，オンセイノセイ,こえ，おんせいのせい
2,星,ホシ，セイザノセイ,ほし，せいざのせい
2,晴,ハレ，セイテンノセイ,はれ，せいてんのせい
2,切,タイセツノセツ，キル,たいせつのせつ，きる
2,雪,ユキダルマノユキ，セツ,ゆきだるまのゆき，せつ
2,船,フネ，センチョウノセン,ふね，せんちょうのせん
2,線,センロノセン,せんろのせん
2,前,マエ，ゼンゴノゼン,まえ，ぜんごのぜん
2,組,クミ，ソシキノソ,くみ，そしきのそ
2,走,ハシル，キョウソウノソウ,はしる，きょうそうのそう
2,多,オオイスクナイノオオイ，タ,おおいすくないのおおい，た
2,太,フトイホソイノフトイ，タイ,ふといほそいのふとい，たい
2,体,カラダ，タイイクノタイ,からだ，たいいくのたい
2,台,ダイドコロノダイ,だいどころのだい
2,地,チキュウノチ,ちきゅうのち
2,池,チョスイチノチ，イケ,ちょすいちのち，いけ
2,知,チシキノチ，シル,ちしきのち，しる
2,茶,チャイロノチャ,ちゃいろのちゃ
2,昼,ヒルヤスミノヒル，チュウ,ひるやすみのひる，ちゅう
2,長,ナガイ，チョウタンノチョウ,ながい，ちょうたんのちょう
2,鳥,トリ，ヤチョウノチョウ,とり，やちょうのちょう
2,朝,アサヒノアサ，チョウ,あさひのあさ，ちょう
2,直,チョクセンノチョク，ナオル,ちょくせんのちょく，なおる
2,通,コウツウノツウ，トオル,こうつうのつう，とおる
2,弟,アニオトオトノオトオト,あにおとおとのおとおと
2,店,ミセ，ショウテンノテン,みせ，しょうてんのてん
2,点,テンスウノテン,てんすうのてん
2,電,デンワノデン,でんわのでん
2,刀,カタナ，ニホントウノトウ,かたな，にほんとうのとう
2,冬,フユヤスミノフユ，トウ,ふゆやすみのふゆ，とう
2,当,トウバンノトウ，アタル,とうばんのとう，あたる
2,東,トウザイノトウ，ヒガシ,とうざいのとう，ひがし
2,答,コタエ，トウアンノトウ,こたえ，とうあんのとう
2,頭,アタマ，ズツウノズ,あたま，ずつうのず
2,同,オナジ，ドウジノドウ,おなじ，どうじのどう
2,道,ミチ，ドウロノドウ,みち，どうろのどう
2,読,ヨム，ドクショノドク,よむ，どくしょのどく
2,内,コクナイノナイ，ウチ,こくないのない，うち
2,南,ナンボクノナン，ミナミ,なんぼくのなん，みなみ
2,肉,ギュウニクノニク,ぎゅうにくのにく
2,馬,ウマ，バシャノバ,うま，ばしゃのば
2,売,ショウバイノバイ，ウル,しょうばいのばい，うる
2,買,カウ，バイシュウノバイ,かう，ばいしゅうのばい
2,麦,ムギチャノムギ,むぎちゃのむぎ
2,半,ハンブンノハン，ナカバ,はんぶんのはん，なかば
2,番,バンゴウノバン,ばんごうのばん
2,父,フボノフ，チチ,ふぼのふ，ちち
2,風,カゼ，タイフウノフウ,かぜ，たいふうのふう
2,分,ハンブンノブン，ワケル,はんぶんのぶん，わける
2,聞,シンブンノブン，キコエル,しんぶんのぶん，きこえる
2,米,コメ，シンマイノマイ,こめ，しんまいのまい
2,歩,アルク，ホドウノホ,あるく，ほどうのほ
2,母,フボノボ，ハハ,ふぼのぼ，はは
2,方,オヤカタノカタ，ホウガクノホウ,おやかたのかた，ほうがくのほう
2,北,キタミナミノキタ，ホク,きたみなみのきた，ほく
2,毎,マイニチノマイ,まいにちのまい
2,妹,イモウト，シマイノマイ,いもうと，しまいのまい
2,万,マンネンヒツノマン,まんねんひつのまん
2,明,セツメイノメイ，アカルイ,せつめいのめい，あかるい
2,鳴,ヒメイヲアゲルノメイ，ナク,ひめいをあげるのめい，なく
2,毛,ケイトノケ，ウモウノモウ,けいとのけ，うもうのもう
2,門,センモンノモン,せんもんのもん
2,夜,コンヤノヤ，ヨル,こんやのや，よる
2,野,ヤサイノヤ，ノハラノノ,やさいのや，のはらのの
2,友,ユウジンノユウ，トモ,ゆうじんのゆう，とも
2,用,リヨウスルノヨウ，モチイル,りようするのよう，もちいる
2,曜,ニチヨウビノヨウ,にちようびのよう
2,来,ライネンノライ，クル,らいねんのらい，くる
2,里,サトガエリノサト，リ,さとがえりのさと，り
2,理,リユウノリ,りゆうのり
2,話,ハナシ，デンワノワ,はなし，でんわのわ
3,悪,ゼンアクノアク，ワルイ,ぜんあくのあく，わるい
3,安,アンシンノアン，ヤスイ,あんしんのあん，やすい
3,暗,アンキスルノアン，クライ,あんきするのあん，くらい
3,医,オイシャサンノイ,おいしゃさんのい
3,委,ガッキュウイインノイ,がっきゅういいんのい
3,意,イミノイ,いみのい
3,育,キョウイクノイク，ソダテル,きょういくのいく，そだてる
3,員,ガッキュウイインノイン,がっきゅういいんのいん
3,院,ニュウインスルノイン,にゅういんするのいん
3,飲,ミズヲノムノノム，イン,みずをのむののむ，いん
3,運,ウンドウノウン，ハコブ,うんどうのうん，はこぶ
3,泳,スイエイノエイ，オヨグ,すいえいのえい，およぐ
3,駅,エキビルノエキ,えきびるのえき
3,央,チュウオウノオウ,ちゅうおうのおう
3,横,タテヨコノヨコ，オウ,たてよこのよこ，おう
3,屋,オクジョウノオク，ヤ,おくじょうのおく，や
3,温,オンセンノオン，アタタマル,おんせんのおん，あたたまる
3,化,カセキノカ，バケル,かせきのか，ばける
3,荷,ニモツノニ,にもつのに
3,界,セカイノカイ,せかいのかい
3,開,カイハツノカイ，ヒラク,かいはつのかい，ひらく
3,階,カイダンヲノボルノカイ,かいだんをのぼるのかい
3,寒,アツイサムイノサムイ，カン,あついさむいのさむい，かん
3,感,カンソウブンノカン,かんそうぶんのかん
3,漢,カンジテストノカン,かんじてすとのかん
3,館,トショカンノカン,としょかんのかん
3,岸,カイガンノガン，キシ,かいがんのがん，きし
3,起,キリツスルノキ，オキル,きりつするのき，おきる
3,期,キタイスルノキ,きたいするのき
3,客,オキャクノキャク,おきゃくのきゃく
3,究,ケンキュウノキュウ,けんきゅうのきゅう
3,急,トッキュウノキュウ，イソグ,とっきゅうのきゅう，いそぐ
3,級,サイコウキュウノキュウ,さいこうきゅうのきゅう
3,宮,オミヤマイリノミヤ，キュウ,おみやまいりのみや，きゅう
3,球,チキュウノキュウ，タマ,ちきゅうのきゅう，たま
3,去,キョネンノキョ，サル,きょねんのきょ，さる
3,橋,ホドウキョウノキョウ，ハシ,ほどうきょうのきょう，はし
3,業,ジュギョウノギョウ,じゅぎょうのぎょう
3,曲,キョクセンノキョク，マガル,きょくせんのきょく，まがる
3,局,ユウビンキョクノキョク,ゆうびんきょくのきょく
3,銀,ギンイロノギン,ぎんいろのぎん
3,区,クベツノク,くべつのく
3,苦,クロウノク，クルシイ,くろうのく，くるしい
3,具,ドウグノグ,どうぐのぐ
3,君,ショクンノクン，キミ,しょくんのくん，きみ
3,係,カンケイノケイ，カカリ,かんけいのけい，かかり
3,軽,カルイオモイノカルイ，ケイ,かるいおもいのかるい，けい
3,血,ケツエキノケツ，チ,けつえきのけつ，ち
3,決,タスウケツノケツ，キメル,たすうけつのけつ，きめる
3,研,ケンキュウノケン,けんきゅうのけん
3,県,トドウフケンノケン,とどうふけんのけん
3,庫,レイゾウコノコ,れいぞうこのこ
3,湖,コハンノコ，ミズウミ,こはんのこ，みずうみ
3,向,コウジョウスルノコウ，ムカウ,こうじょうするのこう，むかう
3,幸,コウフクノコウ，シアワセ,こうふくのこう，しあわせ
3,港,クウコウノコウ，ミナト,くうこうのこう，みなと
3,号,バンゴウノゴウ,ばんごうのごう
3,根,ダイコンノコン，ネ,だいこんのこん，ね
3,祭,サイジツノサイ，マツリ,さいじつのさい，まつり
3,皿,サラウドンノサラ,さらうどんのさら
3,仕,シゴトノシ，ツカエル,しごとのし，つかえる
3,死,シボウノシ，シヌ,しぼうのし，しぬ
3,使,シヨウスルノシ，ツカウ,しようするのし，つかう
3,始,カイシスルノシ，ハジメル,かいしするのし，はじめる
3,指,シドウスルノシ，ユビ,しどうするのし，ゆび
3,歯,ハブラシノハ，シ,はぶらしのは，し
3,詩,シヲツクルノシ,しをつくるのし
3,次,モクジノジ，ツギ,もくじのじ，つぎ
3,事,ジケンノジ，コト,じけんのじ，こと
3,持,ジゾクスルノジ，モツ,じぞくするのじ，もつ
3,式,ニュウガクシキノシキ,にゅうがくしきのしき
3,実,ジツリョクノジツ，ミ,じつりょくのじつ，み
3,写,シャシンノシャ，ウツス,しゃしんのしゃ，うつす
3,者,ガクシャノシャ，モノ,がくしゃのしゃ，もの
3,主,シュジンコウノシュ，ヌシ,しゅじんこうのしゅ，ぬし
3,守,シュビノシュ，マモル,しゅびのしゅ，まもる
3,取,シュザイノシュ，トル,しゅざいのしゅ，とる
3,酒,サケ，ニホンシュノシュ,さけ，にほんしゅのしゅ
3,受,ジュケンノジュ，ウケル,じゅけんのじゅ，うける
3,州,キュウシュウチホウノシュウ,きゅうしゅうちほうのしゅう
3,拾,オカネヲヒロウノヒロウ,おかねをひろうのひろう
3,終,シュウギョウシキノシュウ，オワル,しゅうぎょうしきのしゅう，おわる
3,習,レンシュウノシュウ，ナラウ,れんしゅうのしゅう，ならう
3,集,シュウゴウスルノシュウ，アツマル,しゅうごうするのしゅう，あつまる
3,住,ジュウショノジュウ，スム,じゅうしょのじゅう，すむ
3,重,タイジュウノジュウ，オモイ,たいじゅうのじゅう，おもい
3,宿,シュクハクノシュク，ヤド,しゅくはくのしゅく，やど
3,所,ジュウショノショ，トコロ,じゅうしょのしょ，ところ
3,暑,アツイサムイノアツイ，ショ,あついさむいのあつい，しょ
3,助,キュウジョノジョ，タスケル,きゅうじょのじょ，たすける
3,昭,ショウワウマレノショウ,しょうわうまれのしょう
3,消,ショウボウシャノショウ，ケス,しょうぼうしゃのしょう，けす
3,商,ショウバイノショウ,しょうばいのしょう
3,章,ブンショウヲヨムノショウ,ぶんしょうをよむのしょう
3,勝,カチマケノカチ，ショウ,かちまけのかち，しょう
3,乗,ジョウシャスルノジョウ，ノル,じょうしゃするのじょう，のる
3,植,ショクブツノショク，ウエル,しょくぶつのしょく，うえる
3,申,シンコクスルノシン，モウス,しんこくするのしん，もうす
3,身,シンチョウタイジュウノシン，ミ,しんちょうたいじゅうのしん，み
3,神,カミサマノカミ，シン,かみさまのかみ，しん
3,真,マゴコロノマ，シン,まごころのま，しん
3,深,シンコクナノシン，フカイ,しんこくなのしん，ふかい
3,進,シンポノシン，ススム,しんぽのしん，すすむ
3,世,セカイノセ，ヨ,せかいのせ，よ
3,整,セイリスルノセイ，トトノエル,せいりするのせい，ととのえる
3,昔,ムカシバナシノムカシ,むかしばなしのむかし
3,全,ゼンコクノゼン，マッタク,ぜんこくのぜん，まったく
3,相,ソウダンスルノソウ，アイ,そうだんするのそう，あい
3,送,ホウソウキョクノソウ，オクル,ほうそうきょくのそう，おくる
3,想,カンソウブンノソウ,かんそうぶんのそう
3,息,イキヲスルノイキ，ソク,いきをするのいき，そく
3,速,ソクドノソク，ハヤイ,そくどのそく，はやい
3,族,スイゾクカンノゾク,すいぞくかんのぞく
3,他,タニンノタ,たにんのた
3,打,タゲキノダ，ウツ,たげきのだ，うつ
3,対,ハンタイノタイ,はんたいのたい
3,待,キタイスルノタイ，マツ,きたいするのたい，まつ
3,代,ダイヒョウノダイ，カワル,だいひょうのだい，かわる
3,第,ダイイチインショウノダイ,だいいちいんしょうのだい
3,題,シュクジュダイノダイ,しゅくじゅだいのだい
3,炭,セキタンノタン，スミ,せきたんのたん，すみ
3,短,チョウタンノタン，ミジカイ,ちょうたんのたん，みじかい
3,談,ジョウダンヲイウノダン,じょうだんをいうのだん
3,着,キモノノキ，チャク,きもののき，ちゃく
3,注,チュウモクスルノチュウ，ソソグ,ちゅうもくするのちゅう，そそぐ
3,柱,ハシラ，チュウ,はしら，ちゅう
3,丁,イッチョウメノチョウ,いっちょうめのちょう
3,帳,レンラクチョウノチョウ,れんらくちょうのちょう
3,調,チョウサノチョウ，シラベル,ちょうさのちょう，しらべる
3,追,ツイセキスルノツイ，オウ,ついせきするのつい，おう
3,定,ヨテイノテイ，サダメル,よていのてい，さだめる
3,庭,テイエンノテイ，ニワ,ていえんのてい，にわ
3,笛,フエヲフクノフエ,ふえをふくのふえ
3,鉄,テツドウノテツ,てつどうのてつ
3,転,ウンテンノテン，コロガス,うんてんのてん，ころがす
3,都,トカイノト，ミヤコ,とかいのと，みやこ
3,度,オンドケイノド,おんどけいのど
3,投,トウシュノトウ，ナゲル,とうしゅのとう，なげる
3,豆,トウフノトウ，マメ,とうふのとう，まめ
3,島,シマグニノシマ，トウ,しまぐにのしま，とう
3,湯,ネットウノトウ，ユ,ねっとうのとう，ゆ
3,登,トザンノト，ノボル,とざんのと，のぼる
3,等,イットウショウノトウ，ヒトシイ,いっとうしょうのとう，ひとしい
3,動,ドウブツノドウ，ウゴク,どうぶつのどう，うごく
3,童,グリムドウワノドウ,ぐりむどうわのどう
3,農,ノウギョウノノウ,のうぎょうののう
3,波,ツナミノナミ，ハ,つなみのなみ，は
3,配,ハイタツノハイ，クバル,はいたつのはい，くばる
3,倍,バイリツノバイ,ばいりつのばい
3,箱,ハコニツメルノハコ,はこにつめるのはこ
3,畑,タハタノハタ，ハタケ,たはたのはた，はたけ
3,発,ハツメイノハツ,はつめいのはつ
3,反,ハンタイスルノハン,はんたいするのはん
3,坂,サカミチノサカ,さかみちのさか
3,板,コクバンノバン，イタ,こくばんのばん，いた
3,皮,カワヲムクノカワ，ヒ,かわをむくのかわ，ひ
3,悲,ヒゲキノヒ，カナシイ,ひげきのひ，かなしい
3,美,ビジンノビ，ウツクシイ,びじんのび，うつくしい
3,鼻,ハナカゼノハナ,はなかぜのはな
3,筆,フデバコノフデ，ヒツ,ふでばこのふで，ひつ
3,氷,ヒョウガノヒョウ，コオリ,ひょうがのひょう，こおり
3,表,ウラオモテノオモテ，ヒョウ,うらおもてのおもて，ひょう
3,秒,ビョウヨミノビョウ,びょうよみのびょう
3,病,ビョウキノビョウ，ヤマイ,びょうきのびょう，やまい
3,品,シナモノノシナ，ヒン,しなもののしな，ひん
3,負,カチマケノマケ，フ,かちまけのまけ，ふ
3,部,ブチョウノブ,ぶちょうのぶ
3,服,ヨウフクノフク,ようふくのふく
3,福,フクビキノフク,ふくびきのふく
3,物,ドウブツノブツ，モノ,どうぶつのぶつ，もの
3,平,ヘイワノヘイ，タイラ,へいわのへい，たいら
3,返,ヘンジノヘン，カエス,へんじのへん，かえす
3,勉,ベンキョウノベン,べんきょうのべん
3,放,ホウソウキョクノホウ，ハナツ,ほうそうきょくのほう，はなつ
3,味,イミノミ，アジ,いみのみ，あじ
3,命,ウンメイノメイ，イノチ,うんめいのめい，いのち
3,面,ジメンノメン,じめんのめん
3,問,モンダイノモン，トウ,もんだいのもん，とう
3,役,ヤクワリノヤク,やくわりのやく
3,薬,ヤクヒンノヤク，クスリ,やくひんのやく，くすり
3,由,リユウノユウ,りゆうのゆう
3,油,セイキユノユ，アブラ,せいきゆのゆ，あぶら
3,有,ユウメイジンノユウ，アル,ゆうめいじんのゆう，ある
3,遊,ユウエンチノユウ，アソブ,ゆうえんちのゆう，あそぶ
3,予,ヨテイノヨ,よていのよ
3,羊,ヨウモウノヨウ，ヒツジ,ようもうのよう，ひつじ
3,洋,ヨウフクノヨウ,ようふくのよう
3,葉,キノハノハ，ヨウ,きのはのは，よう
3,陽,タイヨウケイノヨウ,たいようけいのよう
3,様,カミサマノサマ，ヨウ,かみさまのさま，よう
3,落,ラクセンスルノラク，オチル,らくせんするのらく，おちる
3,流,リュウコウノリュウ，ナガス,りゅうこうのりゅう，ながす
3,旅,リョコウノリョ，タビ,りょこうのりょ，たび
3,両,リョウテノリョウ,りょうてのりょう
3,緑,ミドリ，リョクチャノリョク,みどり，りょくちゃのりょく
3,礼,レイギノレイ,れいぎのれい
3,列,ギョウレツノレツ,ぎょうれつのれつ
3,練,レンシュウノレン,れんしゅうのれん
3,路,ドウロノロ,どうろのろ
3,和,ワフクノワ,わふくのわ
4,愛,アイスルノアイ,あいするのあい
4,案,アンナイノアイ,あんないのあい
4,以,イジョウ，イカノイ,いじょう，いかのい
4,衣,イフクノイ，コロモ,いふくのい，ころも
4,位,タンイノイ,たんいのい
4,囲,イゴノイ，カコム,いごのい，かこむ
4,胃,イブクロノイ,いぶくろのい
4,印,インサツノイン,いんさつのいん
4,英,エイユウノエイ,えいゆうのえい
4,栄,エイヨウノエイ，サカエル,えいようのえい，さかえる
4,塩,ショクエンノエン，シオ,しょくえんのえん，しお
4,億,オクマンチョウジャノオク,おくまんちょうじゃのおく
4,加,ツイカノカ，クワエル,ついかのか，くわえる
4,果,ケッカノカ，ハタス,けっかのか，はたす
4,貨,カモツノカ,かもつのか
4,課,ホウカゴノカ,ほうかごのか
4,芽,ハツガノガ，キノメノメ,はつがのが，きのめのめ
4,改,カイリョウノカイ，アラタメル,かいりょうのかい，あらためる
4,械,キカイテキノカイ,きかいてきのかい
4,害,サイガイノガイ,さいがいのがい
4,街,ガイロジュノガイ,がいろじゅのがい
4,各,カクジノカク，オノオノ,かくじのかく，おのおの
4,覚,カンカクノカク，オボエル,かんかくのかく，おぼえる
4,完,カンリョウスルノカン,かんりょうするのかん
4,官,ケイサツカンノカン,けいさつかんのかん
4,管,カンリスルノカン,かんりするのかん
4,関,カンケイノカン，セキ,かんけいのかん，せき
4,観,カンキャクノカン,かんきゃくのかん
4,願,ガンボウノガン，ネガウ,がんぼうのがん，ねがう
4,希,キボウノキ，マレ,きぼうのき，まれ
4,季,キセツフウノキ,きせつふうのき
4,紀,キゲンゼンノキ,きげんぜんのき
4,喜,キゲキノキ，ヨロコブ,きげきのき，よろこぶ
4,旗,コッキノキ，ハタ,こっきのき，はた
4,器,ガッキノキ，ウツワ,がっきのき，うつわ
4,機,ヒコウキノキ,ひこうきのき
4,議,カイギシツノギ,かいぎしつのぎ
4,求,ヨウキュウノキュウ，モトメル,ようきゅうのきゅう，もとめる
4,泣,ナク，ゴウキュウスルノキュウ,なく，ごうきゅうするのきゅう
4,救,キュウジョノキュウ，スクウ,きゅうじょのきゅう，すくう
4,給,キュウショクシツノキュウ,きゅうしょくしつのきゅう
4,挙,センキョノキョ，アゲル,せんきょのきょ，あげる
4,漁,ギョコウノギョ,ぎょこうのぎょ
4,共,キョウツウノキョウ，トモ,きょうつうのきょう，とも
4,協,キョウリョクスルノキョウ,きょうりょくするのきょう
4,鏡,カガミ，ソウガンキョウノキョウ,かがみ，そうがんきょうのきょう
4,競,キョウソウスルノキョウ，キソウ,きょうそうするのきょう，きそう
4,極,ホッキョクノキョク,ほっきょくのきょく
4,訓,クンレンノクン,くんれんのくん
4,軍,グンタイノグン,ぐんたいのぐん
4,郡,チメイノグン，コオリ,ちめいのぐん，こおり
4,径,エンノハンケイノケイ,えんのはんけいのけい
4,型,モケイノケイ，カタ,もけいのけい，かた
4,景,フウケイノケイ,ふうけいのけい
4,芸,ゲイジュツノゲイ,げいじゅつのげい
4,欠,ホケツノケツ，カケル,ほけつのけつ，かける
4,結,ケツロンノケツ,けつろんのけつ
4,建,ケンチクノケン，タテル,けんちくのけん，たてる
4,健,ケンコウノケン，スコヤカ,けんこうのけん，すこやか
4,験,ニュウガクシケンノケン,にゅうがくしけんのけん
4,固,コタイノコ，カタイ,こたいのこ，かたい
4,功,フセイコウノコウ,ふせいこうのこう
4,好,ダイスキノスキ，コウ,だいすきのすき，こう
4,候,リッコウホノコウ,りっこうほのこう
4,航,コウクウキノコウ,こうくうきのこう
4,康,ケンコウノコウ，イエヤスノヤス,けんこうのこう，いえやすのやす
4,告,コウコクノコク，ツゲル,こうこくのこく，つげる
4,差,サベツカスルノサ,さべつかするのさ
4,菜,ヤサイノサイ，ナ,やさいのさい，な
4,最,サイショノサイ，モットモ,さいしょのさい，もっとも
4,材,ザイリョウノザイ,ざいりょうのざい
4,昨,サクネンノサク,さくねんのさく
4,札,ナフダノフダ，サツ,なふだのふだ，さつ
4,刷,インサツノサツ，スル,いんさつのさつ，する
4,殺,サツジンノサツ，コロス,さつじんのさつ，ころす
4,察,ケイサツノサツ,けいさつのさつ
4,参,サンカスルノサン，マイル,さんかするのさん，まいる
4,産,ザイサンノサン,ざいさんのさん
4,散,サンポノサン，チル,さんぽのさん，ちる
4,残,ザンネンノザン，ノコル,ざんねんのざん，のこる
4,士,ベンゴシノシ,べんごしのし
4,氏,シメイノシ，ウジ,しめいのし，うじ
4,史,レキシテキノシ,れきしてきのし
4,司,シカイシャノシ,しかいしゃのし
4,試,シアイノシ，ココロミル,しあいのし，こころみる
4,児,ジドウセイトノジ,じどうせいとのじ
4,治,セイジノジオサメル,せいじのじおさめる
4,辞,コクゴジテンノジ,こくごじてんのじ
4,失,シツレンノシツウシナウ,しつれんのしつうしなう
4,借,シャクヨウノシャクカリル,しゃくようのしゃくかりる
4,種,シュルイノシュ，タネ,しゅるいのしゅ，たね
4,周,シュウヘンノシュウ，マワリ,しゅうへんのしゅう，まわり
4,祝,シュクジツノシュク，イワウ,しゅくじつのしゅく，いわう
4,順,ジュンバンノジュン,じゅんばんのじゅん
4,初,サイショノショ，ハジメテ,さいしょのしょ，はじめて
4,松,マツノキノマツ，ショウ,まつのきのまつ，しょう
4,笑,エガオノエ，ワラウ,えがおのえ，わらう
4,唱,ガッショウノショウ，トナエル,がっしょうのしょう，となえる
4,焼,ニクヲヤクノヤク,にくをやくのやく
4,象,"インショウテキノショウ,ゾウ","いんしょうてきのしょう,ぞう"
4,照,ショウメイノショウ，テラス,しょうめいのしょう，てらす
4,賞,ノーベルショウノショウ,のーべるしょうのしょう
4,臣,ソウリダイジンノジン,そうりだいじんのじん
4,信,シンゴウキノシン,しんごうきのしん
4,成,セイチョウスルノセイ，ナル,せいちょうするのせい，なる
4,省,ショウリャクスルノショウ，ハブク,しょうりゃくするのしょう，はぶく
4,清,セイケツノセイ，キヨイ,せいけつのせい，きよい
4,静,レイセイノセイ，シズカ,れいせいのせい，しずか
4,席,ザセキノセキ,ざせきのせき
4,積,メンセキノセキ，ツモル,めんせきのせき，つもる
4,折,コッセツノセツ，オル,こっせつのせつ，おる
4,節,キセツノセツ，フシ,きせつのせつ，ふし
4,説,セツメイノセツ，トク,せつめいのせつ，とく
4,浅,アサイフカイノアサイ,あさいふかいのあさい
4,戦,センソウノセン，タタカウ,せんそうのせん，たたかう
4,選,センキョノセン，エラブ,せんきょのせん，えらぶ
4,然,ダイシゼンノゼン,だいしぜんのぜん
4,争,キョウソウノソウ，アラソウ,きょうそうのそう，あらそう
4,倉,ソウコノソウ，クラ,そうこのそう，くら
4,巣,ハチノスノス,はちのすのす
4,束,ヤクソクノソク,やくそくのそく
4,側,リョウガワノガワ，ソク,りょうがわのがわ，そく
4,続,レンゾクノゾク，ツヅク,れんぞくのぞく，つづく
4,卒,ソツギョウノソツ,そつぎょうのそつ
4,孫,マゴノテノマゴ，ソン,まごのてのまご，そん
4,帯,ケイタイノタイ，オビ,けいたいのたい，おび
4,隊,グンタイノタイ,ぐんたいのたい
4,達,ハイタツノタツ,はいたつのたつ
4,単,タンジュンノタン,たんじゅんのたん
4,置,ソウチノチ，オク,そうちのち，おく
4,仲,ナカマノナカ,なかまのなか
4,貯,チョキンノチョ，タクワエル,ちょきんのちょ，たくわえる
4,兆,イッチョウエンノチョウ,いっちょうえんのちょう
4,腸,ダイチョウ，ショウチョウノチョウ,だいちょう，しょうちょうのちょう
4,低,ヒクイ，テイ,ひくい，てい
4,底,ソコヂカラノソコ，テイ,そこぢからのそこ，てい
4,停,テイシャノテイ,ていしゃのてい
4,的,モクテキノテキ,もくてきのてき
4,典,コクゴジテンノテン,こくごじてんのてん
4,伝,デンセツノデン，ツタエル,でんせつのでん，つたえる
4,徒,トホノト,とほのと
4,努,ドリョクノド,どりょくのど
4,灯,ケイコウトウノトウ,けいこうとうのとう
4,堂,コッカイギジドウノドウ,こっかいぎじどうのどう
4,働,ロウドウノドウ，ハタラク,ろうどうのどう，はたらく
4,特,トクベツノトク,とくべつのとく
4,得,トクイノトク，エル,とくいのとく，える
4,毒,ショウドクノドク,しょうどくのどく
4,熱,ネツ，アツイ,ねつ，あつい
4,念,ザンネンノネン,ざんねんのねん
4,敗,ハイボクノハイ，ヤブレル,はいぼくのはい，やぶれる
4,梅,ウメボシノウメ,うめぼしのうめ
4,博,ハクブツカンノハク,はくぶつかんのはく
4,飯,ゴハンノハン，メシ,ごはんのはん，めし
4,飛,ヒコウキノヒ，トブ,ひこうきのひ，とぶ
4,費,ショウヒノヒ,しょうひのひ
4,必,ヒツヨウノヒツ，カナラズ,ひつようのひつ，かならず
4,票,トウヒョウスルノヒョウ,とうひょうするのひょう
4,標,モクヒョウノヒョウ,もくひょうのひょう
4,不,フシギノフ,ふしぎのふ
4,夫,オット，フサイノフ,おっと，ふさいのふ
4,付,フロクノフ，ツケル,ふろくのふ，つける
4,府,トドウフケンノフ,とどうふけんのふ
4,副,フクカイチョウノフク,ふくかいちょうのふく
4,粉,フンマツノフン，コナ,ふんまつのふん，こな
4,兵,ヘイタイノヘイ,へいたいのへい
4,別,トクベツノベツ，ワカレル,とくべつのべつ，わかれる
4,辺,シュウヘンノヘン，アタリ,しゅうへんのへん，あたり
4,変,ヘンカノヘン，カエル,へんかのへん，かえる
4,便,ユウビンノビン，タヨリ,ゆうびんのびん，たより
4,包,ホウタイノホウ，ツツム,ほうたいのほう，つつむ
4,法,ホウリツノホウ,ほうりつのほう
4,望,キボウノボウ，ノゾム,きぼうのぼう，のぞむ
4,牧,ボクジョウノボク,ぼくじょうのぼく
4,末,ネンマツノマツ，スエ,ねんまつのまつ，すえ
4,満,マンゾクノマン,まんぞくのまん
4,未,ミライノミ,みらいのみ
4,脈,サンミャクノミャク,さんみゃくのみゃく
4,民,コクミンノミン，タミ,こくみんのみん，たみ
4,無,ムリノム，ナイ,むりのむ，ない
4,約,ヤクソクノヤク,やくそくのやく
4,勇,ユウキノユウ，イサマシイ,ゆうきのゆう，いさましい
4,要,ヨウキュウスルノヨウ,ようきゅうするのよう
4,養,エイヨウノヨウ，ヤシナウ,えいようのよう，やしなう
4,浴,ニュウヨクスルノヨク，アビル,にゅうよくするのよく，あびる
4,利,ケンリノリ,けんりのり
4,陸,リクジョウノリク,りくじょうのりく
4,良,カイリョウノリョウ，ヨイ,かいりょうのりょう，よい
4,料,リョウリスルノリョウ,りょうりするのりょう
4,量,コウスイリョウノリョウ，ハカル,こうすいりょうのりょう，はかる
4,輪,シャリンノリン，ワ,しゃりんのりん，わ
4,類,ジンルイノルイ,じんるいのるい
4,令,メイレイノレイ,めいれいのれい
4,冷,レイトウノレイ，ツメタイ,れいとうのれい，つめたい
4,例,レイダイノレイ，タトエル,れいだいのれい，たとえる
4,歴,レキシノレキ,れきしのれき
4,連,レンラクノレン,れんらくのれん
4,老,ロウジンノロウ,ろうじんのろう
4,労,ロウドウノロウ,ろうどうのろう
4,録,ロクオンノロク,ろくおんのろく
5,圧,アツリョクノアツ,あつりょくのあつ
5,移,イドウノイ，ウツル,いどうのい，うつる
5,因,ゲンインノイン，チナミニ,げんいんのいん，ちなみに
5,永,エイキュウノエイ，ナガイ,えいきゅうのえい，ながい
5,営,エイギョウノエイ，イトナム,えいぎょうのえい，いとなむ
5,衛,エイセイテキノエイ,えいせいてきのえい
5,易,ボウエキノエキ，ヤサシイ,ぼうえきのえき，やさしい
5,益,リエキノエキ,りえきのえき
5,液,エキタイノエキ,えきたいのえき
5,演,エンソウスルノエン,えんそうするのえん
5,応,オウエンノオウ,おうえんのおう
5,往,オウフクノオウ,おうふくのおう
5,桜,サクラ,さくら
5,恩,オンガエシノオン,おんがえしのおん
5,可,カノウセイノカ,かのうせいのか
5,仮,カメンノカ，カリ,かめんのか，かり
5,価,カチノカ，アタイ,かちのか，あたい
5,河,サンズイノカワ,さんずいのかわ
5,過,カコノカ，スギル,かこのか，すぎる
5,賀,ネンガジョウノガ,ねんがじょうのが
5,快,カイテキノカイ，ココロヨイ,かいてきのかい，こころよい
5,解,カイケツスルノカイ,かいけつするのかい
5,格,ゴウカクノカク,ごうかくのかく
5,確,カクニンノカク，タシカ,かくにんのかく，たしか
5,額,キンガクノガク，ヒタイ,きんがくのがく，ひたい
5,刊,シュウカンシノカン,しゅうかんしのかん
5,幹,シンカンセンノカン，ミキ,しんかんせんのかん，みき
5,慣,シュウカンノカン，ナレル,しゅうかんのかん，なれる
5,眼,ソウガンキョウノガン,そうがんきょうのがん
5,基,キホンノキ，モトヅク,きほんのき，もとづく
5,寄,キフスルノキ，ヨル,きふするのき，よる
5,規,キソクテキノキ,きそくてきのき
5,技,ギジュツノギ，ワザ,ぎじゅつのぎ，わざ
5,義,ギムノギ,ぎむのぎ
5,逆,ギャクテンノギャク，サカサ,ぎゃくてんのぎゃく，さかさ
5,久,エイキュウノキュウ，ヒサシイ,えいきゅうのきゅう，ひさしい
5,旧,キュウレキノキュウ,きゅうれきのきゅう
5,居,ジュウキョノキョ，イル,じゅうきょのきょ，いる
5,許,キョカスルノキョ，ユルス,きょかするのきょ，ゆるす
5,境,コッキョウノキョウ，サカイ,こっきょうのきょう，さかい
5,均,ヘイキンノキン,へいきんのきん
5,禁,キンシスルノキン,きんしするのきん
5,句,ハイクノク,はいくのく
5,群,グンシュウノグン，ムレ,ぐんしゅうのぐん，むれ
5,経,ケイケンスルノケイ,けいけんするのけい
5,潔,セイケツノケツ,せいけつのけつ
5,件,ジョウケンノケン,じょうけんのけん
5,券,ジョウシャケンノケン,じょうしゃけんのけん
5,険,ボウケンノケン，ケワシイ,ぼうけんのけん，けわしい
5,検,ケンサノケン,けんさのけん
5,限,ゲンカイノゲン，カギル,げんかいのげん，かぎる
5,現,ゲンジツノゲン，アラワレル,げんじつのげん，あらわれる
5,減,ゲンショウスルノゲン，ヘル,げんしょうするのげん，へる
5,故,コキョウノコ，ユエ,こきょうのこ，ゆえ
5,個,コセイテキノコ,こせいてきのこ
5,護,ホゴシャノゴ,ほごしゃのご
5,効,コウカテキノコウ,こうかてきのこう
5,厚,アツガミノアツ,あつがみのあつ
5,耕,タガヤス，ノウコウノコウ,たがやす，のうこうのこう
5,鉱,テッコウセキノコウ,てっこうせきのこう
5,構,コウゾウノコウ，カマエル,こうぞうのこう，かまえる
5,興,キョウミノキョウ,きょうみのきょう
5,講,コウシュウカイノコウ,こうしゅうかいのこう
5,混,コンザツノコン,こんざつのこん
5,査,ケンサノサ,けんさのさ
5,再,フタタビ，サイ,ふたたび，さい
5,災,サイナンノサイ，ワザワイ,さいなんのさい，わざわい
5,妻,フサイノサイ，ツマ,ふさいのさい，つま
5,採,サイヨウノサイ，トル,さいようのさい，とる
5,際,ジッサイノサイ,じっさいのさい
5,在,ソンザイノザイ,そんざいのざい
5,財,ザイサンノザイ,ざいさんのざい
5,罪,ハンザイノザイ，ツミ,はんざいのざい，つみ
5,雑,ザツオンノザツ,ざつおんのざつ
5,酸,サンソノサン,さんそのさん
5,賛,サンセイスルノサン,さんせいするのさん
5,支,シエンスルノシ，ササエル,しえんするのし，ささえる
5,志,ココロザス，イシノシ,こころざす，いしのし
5,枝,キノエダノエダ,きのえだのえだ
5,師,ボクシノシ,ぼくしのし
5,資,シゲンノシ,しげんのし
5,飼,シイクノシ，カウ,しいくのし，かう
5,示,テンジスルノジ，シメス,てんじするのじ，しめす
5,似,ルイジノジ，ニル,るいじのじ，にる
5,識,チシキノシキ,ちしきのしき
5,質,シツモンノシツ,しつもんのしつ
5,舎,ガッコウノコウシャノシャ,がっこうのこうしゃのしゃ
5,謝,カンシャスルノシャ,かんしゃするのしゃ
5,授,ジュギョウノジュ，サズケル,じゅぎょうのじゅ，さずける
5,修,シュウリスルノシュウ,しゅうりするのしゅう
5,述,ジュツゴノジュツ，ノベル,じゅつごのじゅつ，のべる
5,術,ゲイジュツノジュツ,げいじゅつのじゅつ
5,準,ジュンビスルノジュン,じゅんびするのじゅん
5,序,ジュンジョノジョ,じゅんじょのじょ
5,招,マネク，ショウタイスルノショウ,まねく，しょうたいするのしょう
5,承,ショウダクスルノショウ,しょうだくするのしょう
5,証,ショウメイショノショウ,しょうめいしょのしょう
5,条,ジョウケンノジョウ,じょうけんのじょう
5,状,ネンガジョウノジョウ,ねんがじょうのじょう
5,常,ヒジョウグチノジョウ,ひじょうぐちのじょう
5,情,ユウジョウノジョウ，ナサケ,ゆうじょうのじょう，なさけ
5,織,ソシキノシキ,そしきのしき
5,職,ショクギョウノショク,しょくぎょうのしょく
5,制,セイゲンスルノセイ,せいげんするのせい
5,性,コセイテキノセイ,こせいてきのせい
5,政,セイジカノセイ,せいじかのせい
5,勢,セイリョクノセイ，イキオイ,せいりょくのせい，いきおい
5,精,セイシンテキノセイ,せいしんてきのせい
5,製,セイゾウスルノセイ,せいぞうするのせい
5,税,ゼイキンノゼイ,ぜいきんのぜい
5,責,セキニンノセキ,せきにんのせき
5,績,セイセキヒョウノセキ,せいせきひょうのせき
5,接,セツゾクスルノセツ,せつぞくするのせつ
5,設,セツビノセツ,せつびのせつ
5,舌,シタヲカムノシタ,したをかむのした
5,絶,ゼッタイテキノゼツ,ぜったいてきのぜつ
5,銭,ツリセンノセン,つりせんのせん
5,祖,ソセンノソ,そせんのそ
5,素,ソシツノソ,そしつのそ
5,総,ソウリダイジンノソウ,そうりだいじんのそう
5,造,カイゾウノゾウ，ツクル,かいぞうのぞう，つくる
5,像,ブツゾウノゾウ,ぶつぞうのぞう
5,増,ゾウカスルノゾウ，フエル,ぞうかするのぞう，ふえる
5,則,ホウソクノソク,ほうそくのそく
5,測,ソクテイノソク，ハカル,そくていのそく，はかる
5,属,フゾクノゾク,ふぞくのぞく
5,率,ヒリツノリツ，ヒキイル,ひりつのりつ，ひきいる
5,損,ソンガイノソン,そんがいのそん
5,退,タイクツノタイ,たいくつのたい
5,貸,ホンヲカスノカ,ほんをかすのか
5,態,タイドノタイ,たいどのたい
5,団,ダンタイコウドウノダン,だんたいこうどうのだん
5,断,ハンダンノダン,はんだんのだん
5,築,ケンチクノチク，キズク,けんちくのちく，きずく
5,張,キンチョウスルノチョウ，ハル,きんちょうするのちょう，はる
5,提,テイアンノテイ,ていあんのてい
5,程,ニッテイノテイ，ホド,にっていのてい，ほど
5,適,テキトウノテキ,てきとうのてき
5,敵,テキミカタノテキ,てきみかたのてき
5,統,トウイツノトウ,とういつのとう
5,銅,ドウメダルノドウ,どうめだるのどう
5,導,ユウドウノドウ，ミチビク,ゆうどうのどう，みちびく
5,徳,ドウトクノトク,どうとくのとく
5,独,ドクリツノドク,どくりつのどく
5,任,セキニンノニン,せきにんのにん
5,燃,ネンリョウノネン，モエル,ねんりょうのねん，もえる
5,能,サイノウノノウ,さいのうののう
5,破,ハカイスルノハ，ヤブル,はかいするのは，やぶる
5,犯,ハンザイノハン,はんざいのはん
5,判,ハンダンノハン,はんだんのはん
5,版,モクハンガノハン,もくはんがのはん
5,比,ヒカクスルノヒ，クラベル,ひかくするのひ，くらべる
5,肥,ヒマンノヒ，コエル,ひまんのひ，こえる
5,非,ヒジョウグチノヒ,ひじょうぐちのひ
5,備,ジュンビスルノビ，ソナエル,じゅんびするのび，そなえる
5,俵,ドヒョウノヒョウ，タワラ,どひょうのひょう，たわら
5,評,ヒョウカスルノヒョウ,ひょうかするのひょう
5,貧,ヒンジャクノヒン，マズシイ,ひんじゃくのひん，まずしい
5,布,ヌノ，モウフノフ,ぬの，もうふのふ
5,婦,フウフノフ,ふうふのふ
5,富,ホウフノフ，トム,ほうふのふ，とむ
5,武,ブキノブ,ぶきのぶ
5,復,オウフクノフク,おうふくのふく
5,複,フクザツノフク,ふくざつのふく
5,仏,ブツゾウノブツ，ホトケ,ぶつぞうのぶつ，ほとけ
5,編,ヘンシュウスルノヘン，アム,へんしゅうするのへん，あむ
5,弁,ベントウノベン,べんとうのべん
5,保,ホケンシツノホ，タモツ,ほけんしつのほ，たもつ
5,墓,ボチノボ，ハカ,ぼちのぼ，はか
5,報,ホウドウノホウ,ほうどうのほう
5,豊,ホウサクノホウ，ユタカ,ほうさくのほう，ゆたか
5,防,ヨボウスルノボウ，フセグ,よぼうするのぼう，ふせぐ
5,貿,ボウエキコウノボウ,ぼうえきこうのぼう
5,暴,ボウリョクノボウ，アバレル,ぼうりょくのぼう，あばれる
5,務,ギムノム，ツトメル,ぎむのむ，つとめる
5,夢,ユメ，ムチュウノム,ゆめ，むちゅうのむ
5,迷,メイワクノメイ，マヨウ,めいわくのめい，まよう
5,綿,ワタ，モメンノメン,わた，もめんのめん
5,輸,ユニュウノユ,ゆにゅうのゆ
5,余,ヨユウノヨ，アマル,よゆうのよ，あまる
5,預,ヨキンノヨ，アズケル,よきんのよ，あずける
5,容,ヨウセキノヨウ,ようせきのよう
5,略,リャクゴノリャク,りゃくごのりゃく
5,留,リュウガクノリュウ,りゅうがくのりゅう
5,領,ダイトウリョウノリョウ,だいとうりょうのりょう
6,異,イコクノイ，コトナル,いこくのい，ことなる
6,遺,イデンノイ,いでんのい
6,域,チイキノイキ,ちいきのいき
6,宇,ウチュウノウ,うちゅうのう
6,映,エイガノエイ，ウツス,えいがのえい，うつす
6,延,エンキスルノエン，ノビル,えんきするのえん，のびる
6,沿,エンガンノエン，ソウ,えんがんのえん，そう
6,我,ガマンノガ，ワレ,がまんのが，われ
6,灰,ハイイロノハイ,はいいろのはい
6,拡,カクダイノカク,かくだいのかく
6,革,カクメイノカク,かくめいのかく
6,閣,テンシュカクノカク,てんしゅかくのかく
6,割,ワリアイノワリ,わりあいのわり
6,株,カブシキノカブ,かぶしきのかぶ
6,干,カンチョウノカン，ホス,かんちょうのかん，ほす
6,巻,ノリマキノマキ,のりまきのまき
6,看,カンビョウノカン,かんびょうのかん
6,簡,カンタンナノカン,かんたんなのかん
6,危,キケンノキ，アブナイ,きけんのき，あぶない
6,机,ツクエ,つくえ
6,揮,シキスルノキ,しきするのき
6,貴,キチョウヒンノキ,きちょうひんのき
6,疑,ギモンノギ，ウタガウ,ぎもんのぎ，うたがう
6,吸,コキュウスルノキュウ，スウ,こきゅうするのきゅう，すう
6,供,テイキョウスルノキョウ，ソナエル,ていきょうするのきょう，そなえる
6,胸,キョウイノキョウ，ムネ,きょういのきょう，むね
6,郷,ウマレコキョウノキョウ,うまれこきょうのきょう
6,勤,キンムノキン,きんむのきん
6,筋,キンニクノキン，スジ,きんにくのきん，すじ
6,系,タイヨウケイノケイ,たいようけいのけい
6,敬,ソンケイノケイ，ウヤマウ,そんけいのけい，うやまう
6,警,ケイサツノケイ,けいさつのけい
6,劇,ニンギョウゲキノゲキ,にんぎょうげきのげき
6,激,カゲキノゲキ，ハゲシイ,かげきのげき，はげしい
6,穴,アナヲホルノアナ,あなをほるのあな
6,絹,キヌイトノキヌ,きぬいとのきぬ
6,権,ケンリノケン,けんりのけん
6,憲,ケンポウキネンビノケン,けんぽうきねんびのけん
6,源,スイゲンノゲン，ミナモト,すいげんのげん，みなもと
6,厳,ゲンジュウナノゲン，キビシイ,げんじゅうなのげん，きびしい
6,己,ジコショウカイノコ，オノレ,じこしょうかいのこ，おのれ
6,呼,コキュウスルノコ，ヨブ,こきゅうするのこ，よぶ
6,誤,ゴカイスルノゴ，アヤマリ,ごかいするのご，あやまり
6,后,コウゴウノゴウ，キサキ,こうごうのごう，きさき
6,孝,オヤフコウノコウ,おやふこうのこう
6,皇,コウタイシノコウ,こうたいしのこう
6,紅,コウチャノコウ，ベニ,こうちゃのこう，べに
6,降,ユキガフルノフル，コウ,ゆきがふるのふる，こう
6,鋼,コウテツノコウ，ハガネ,こうてつのこう，はがね
6,刻,ジコクノコク，キザム,じこくのこく，きざむ
6,穀,コクモツノコク,こくもつのこく
6,骨,ガイコツノコツ，ホネ,がいこつのこつ，ほね
6,困,コンナンノコン，コマル,こんなんのこん，こまる
6,砂,サトウノサ，スナ,さとうのさ，すな
6,座,ザセキノザ，スワル,ざせきのざ，すわる
6,済,キュウサイスルノサイ，スマス,きゅうさいするのさい，すます
6,裁,サイバンノサイ，サバク,さいばんのさい，さばく
6,策,サクリャクノサク,さくりゃくのさく
6,冊,イッサツニサツノサツ,いっさつにさつのさつ
6,蚕,ヨウサンノサン，カイコ,ようさんのさん，かいこ
6,至,シキュウノシ，イタル,しきゅうのし，いたる
6,私,シテツノシ，ワタシ,してつのし，わたし
6,姿,スガタ，シセイノシ,すがた，しせいのし
6,視,シリョクケンサノシ,しりょくけんさのし
6,詞,サクシサッキョクノシ,さくしさっきょくのし
6,誌,ザッシノシ,ざっしのし
6,磁,ジシャクノジ,じしゃくのじ
6,射,ハンシャノシャ,はんしゃのしゃ
6,捨,シシャゴニュウノシャ，ステル,ししゃごにゅうのしゃ，すてる
6,尺,シャクハチノシャク,しゃくはちのしゃく
6,若,ワカモノノワカ,わかもののわか
6,樹,ジュモクノジュ,じゅもくのじゅ
6,収,シュウニュウノシュウ，オサメル,しゅうにゅうのしゅう，おさめる
6,宗,シュウキョウカイカクノシュウ,しゅうきょうかいかくのしゅう
6,就,シュウショクノシュウ，ツク,しゅうしょくのしゅう，つく
6,衆,シュウギインノシュウ,しゅうぎいんのしゅう
6,従,ジュウジスルノジュウ，シタガウ,じゅうじするのじゅう，したがう
6,縦,タテヨコノタテ，ジュウ,たてよこのたて，じゅう
6,縮,タンシュクノシュク，チヂム,たんしゅくのしゅく，ちぢむ
6,熟,ジュクゴノジュク，ジュクスル,じゅくごのじゅく，じゅくする
6,純,ジュンスイノジュン,じゅんすいのじゅん
6,処,ショブンノショ,しょぶんのしょ
6,署,ショメイスルノショ,しょめいするのしょ
6,諸,ショクンノショ,しょくんのしょ
6,除,ジョガイノジョ，ノゾク,じょがいのじょ，のぞく
6,将,ショウグンノショウ,しょうぐんのしょう
6,傷,キズ，ジュウショウノショウ,きず，じゅうしょうのしょう
6,障,ショウガイブツノショウ,しょうがいぶつのしょう
6,城,ジョウカマチノジョウ，シロ,じょうかまちのじょう，しろ
6,蒸,ジョウキノジョウ，ムス,じょうきのじょう，むす
6,針,ホウシンノシン，ハリ,ほうしんのしん，はり
6,仁,ジンギノジン，ニオウノニ,じんぎのじん，におうのに
6,垂,スイチョクノスイ，タレル,すいちょくのすい，たれる
6,推,スイセンスルノスイ，オス,すいせんするのすい，おす
6,寸,スンポウノスン,すんぽうのすん
6,盛,オオモリノモリ，セイ,おおもりのもり，せい
6,聖,セイカリレーノセイ,せいかりれーのせい
6,誠,セイジツナノセイ，マコト,せいじつなのせい，まこと
6,宣,センデンノセン,せんでんのせん
6,専,センモンノセン,せんもんのせん
6,泉,オンセンノセン，イズミ,おんせんのせん，いずみ
6,洗,センタクモノノセン，アラウ,せんたくもののせん，あらう
6,染,センショクノセン，ソメル,せんしょくのせん，そめる
6,善,ゼンアクノゼン，ヨイ,ぜんあくのぜん，よい
6,奏,エンソウスルノソウ，カナデル,えんそうするのそう，かなでる
6,窓,マドグチノマド，ソウ,まどぐちのまど，そう
6,創,ソウリツスルノソウ,そうりつするのそう
6,装,フクソウノソウ,ふくそうのそう
6,層,コウソウビルノソウ,こうそうびるのそう
6,操,ソウジュウスルノソウ，アヤツル,そうじゅうするのそう，あやつる
6,蔵,レイゾウコノゾウ,れいぞうこのぞう
6,臓,シンゾウカンゾウノゾウ,しんぞうかんぞうのぞう
6,存,ソンザイスルノソン,そんざいするのそん
6,尊,ソンケイスルノソン，トウトブ,そんけいするのそん，とうとぶ
6,宅,ジュウタクノタク,じゅうたくのたく
6,担,タンニンノタン,たんにんのたん
6,探,タンケンノタン，サガス,たんけんのたん，さがす
6,誕,タンジョウビノタン,たんじょうびのたん
6,段,シュダンノダン,しゅだんのだん
6,暖,ダンボウノダン，アタタカイ,だんぼうのだん，あたたかい
6,値,ネダンノネ，アタイ,ねだんのね，あたい
6,宙,ウチュウセンノチュウ,うちゅうせんのちゅう
6,忠,チュウコクスルノチュウ,ちゅうこくするのちゅう
6,著,チョシャノチョ，イチジルシイ,ちょしゃのちょ，いちじるしい
6,庁,キショウチョウノチョウ,きしょうちょうのちょう
6,頂,チョウテンノチョウ，イタダキ,ちょうてんのちょう，いただき
6,潮,マンチョウノチョウ，シオ,まんちょうのちょう，しお
6,賃,チンギンノチン,ちんぎんのちん
6,痛,ズツウノツウ，イタイ,ずつうのつう，いたい
6,展,ハッテンノテン,はってんのてん
6,討,トウロンスルノトウ,とうろんするのとう
6,党,ヨトウヤトウノトウ,よとうやとうのとう
6,糖,ブドウトウノトウ,ぶどうとうのとう
6,届,トドケル,とどける
6,難,コンナンノナン，ムズカシイ,こんなんのなん，むずかしい
6,乳,ギュウニュウノニュウ，チチ,ぎゅうにゅうのにゅう，ちち
6,認,カクニンノニン，ミトメル,かくにんのにん，みとめる
6,納,ノウゼイノノウ，オサメル,のうぜいののう，おさめる
6,脳,ズノウノノウ,ずのうののう
6,派,ハバツノハ,はばつのは
6,拝,オガム，ハイケイノハイ,おがむ，はいけいのはい
6,背,セボネノセ,せぼねのせ
6,肺,ハイカツリョウノハイ,はいかつりょうのはい
6,俳,ハイクノハイ,はいくのはい
6,班,ハンチョウノハン,はんちょうのはん
6,晩,バンゴハンノバン,ばんごはんのばん
6,否,ヒテイスルノヒ,ひていするのひ
6,批,ヒハンスルノヒ,ひはんするのひ
6,秘,ヒミツノヒ,ひみつのひ
6,腹,ハラペコノハラ，フク,はらぺこのはら，ふく
6,奮,コウフンノフン，フルウ,こうふんのふん，ふるう
6,並,ナミキノナミ，ナラブ,なみきのなみ，ならぶ
6,陛,ヘイカノヘイ,へいかのへい
6,閉,ヘイテンノヘイ，トジル,へいてんのへい，とじる
6,片,カタオモイノカタ，ヘン,かたおもいのかた，へん
6,補,ホジョノホ，オギナウ,ほじょのほ，おぎなう
6,暮,オセイボノボ，クラス,おせいぼのぼ，くらす
6,宝,ホウセキノホウ，タカラ,ほうせきのほう，たから
6,訪,ホウモンスルノホウ，オトズレル,ほうもんするのほう，おとずれる
6,亡,ボウメイスルノボウ,ぼうめいするのぼう
6,忘,ボウネンカイノボウ，ワスレル,ぼうねんかいのぼう，わすれる
6,棒,テツボウノボウ,てつぼうのぼう
6,枚,マイスウノマイ,まいすうのまい
6,幕,ジマクノマク,じまくのまく
6,密,ヒミツノミツ,ひみつのみつ
6,盟,ドウメイスルノメイ,どうめいするのめい
6,模,モケイノモ,もけいのも
6,訳,ツウヤクノヤク，ワケ,つうやくのやく，わけ
6,郵,ユウビンノユウ,ゆうびんのゆう
6,優,ユウショウスルノユウ，ヤサシイ,ゆうしょうするのゆう，やさしい
6,幼,ヨウチエンノヨウ，オサナイ,ようちえんのよう，おさない
6,欲,ヨクボウノヨク，ホシイ,よくぼうのよく，ほしい
6,翌,ヨクジツノヨク,よくじつのよく
6,乱,コンランノラン，ミダレル,こんらんのらん，みだれる
6,卵,タマゴ,たまご
6,覧,ハクランカイノラン,はくらんかいのらん
6,裏,ウラオモテノウラ,うらおもてのうら
6,律,ホウリツノリツ,ほうりつのりつ
6,臨,リンジノリン,りんじのりん
6,朗,ロウドクノロウ,ろうどくのろう
6,論,ケツロンノロン,けつろんのろん
